Workbook
Name Slicer_5_FACTOR: #N/A
Name Slicer_CATEGORY: #N/A
Name Slicer_PARAMETER: #N/A
Name Slicer_PARAMETER1: #N/A
Name Slicer_PIC: #N/A

Sheet Activity Plan
B1: IMPROVEMENT DOZER CAM — PROJECT DEVELOPMENT PLAN | S1: PROJECT START | U1: BULAN | W1: TAHUN | Y1: DURASI (D)
U2: JUNI | W2: 2026 | Y2: 90 | AD2: COMPLETE | AH2: STILL PROGRESS | DI2: UNDER TARGET (Actual < Plan) | DO2: DELAY / GAP / KETERLAMBATAN | DV2: PROGRESS ON SCHEDULE | EB2: COMPLETED ON PLAN | EG2: AHEAD OF SCHEDULE | EO2: < 80% | ER2: > 80% & < 90% | EV2: > 90% & < 95% | EZ2: > 95% & < 100% | FD2: > 100%
S3: =DATE($W$2, MATCH($U$2,{"JANUARI";"FEBRUARI";"MARET";"APRIL";"MEI";"JUNI";"JULI";"AGUSTUS";"SEPTEMBER";"OKTOBER";"NOVEMBER";"DESEMBER"},0), 1 + COLUMN(A1) - 1) -> 46174
B4: TEMA : MENINGKATKAN PHYSICAL AVAILABILITY (PA) LIGHT VEHICLE (LV)
B5: JUDUL : MENURUNKAN BREAKDOWN UNSCHEDULE LV | S5: PLAN | DG5: ACTUAL | GU5: ACHIVE
H6: PLAN | K6: ACTUAL | S6: =IF(DAY(S7)=1,TEXT(S7,"mmm yyyy"),"") -> Jun 2026 | T6: =IF(DAY(T7)=1,TEXT(T7,"mmm yyyy"),"") | U6: =IF(DAY(U7)=1,TEXT(U7,"mmm yyyy"),"") | V6: =IF(DAY(V7)=1,TEXT(V7,"mmm yyyy"),"") | W6: =IF(DAY(W7)=1,TEXT(W7,"mmm yyyy"),"") | X6: =IF(DAY(X7)=1,TEXT(X7,"mmm yyyy"),"") | Y6: =IF(DAY(Y7)=1,TEXT(Y7,"mmm yyyy"),"") | Z6: =IF(DAY(Z7)=1,TEXT(Z7,"mmm yyyy"),"") | ... DE6: =IF(DAY(DE7)=1,TEXT(DE7,"mmm yyyy"),"") | DG6: =IF(DAY(DG7)=1,TEXT(DG7,"mmm yyyy"),"") -> Jun 2026 | DH6: =IF(DAY(DH7)=1,TEXT(DH7,"mmm yyyy"),"") | DI6: =IF(DAY(DI7)=1,TEXT(DI7,"mmm yyyy"),"") | DJ6: =IF(DAY(DJ7)=1,TEXT(DJ7,"mmm yyyy"),"") | DK6: =IF(DAY(DK7)=1,TEXT(DK7,"mmm yyyy"),"") | DL6: =IF(DAY(DL7)=1,TEXT(DL7,"mmm yyyy"),"") | DM6: =IF(DAY(DM7)=1,TEXT(DM7,"mmm yyyy"),"") | DN6: =IF(DAY(DN7)=1,TEXT(DN7,"mmm yyyy"),"") | ... GS6: =IF(DAY(GS7)=1,TEXT(GS7,"mmm yyyy"),"") | GU6: =IF(DAY(GU7)=1,TEXT(GU7,"mmm yyyy"),"") -> Jun 2026 | GV6: =IF(DAY(GV7)=1,TEXT(GV7,"mmm yyyy"),"") | GW6: =IF(DAY(GW7)=1,TEXT(GW7,"mmm yyyy"),"") | GX6: =IF(DAY(GX7)=1,TEXT(GX7,"mmm yyyy"),"") | GY6: =IF(DAY(GY7)=1,TEXT(GY7,"mmm yyyy"),"") | GZ6: =IF(DAY(GZ7)=1,TEXT(GZ7,"mmm yyyy"),"") | HA6: =IF(DAY(HA7)=1,TEXT(HA7,"mmm yyyy"),"") | HB6: =IF(DAY(HB7)=1,TEXT(HB7,"mmm yyyy"),"") | ... KG6: =IF(DAY(KG7)=1,TEXT(KG7,"mmm yyyy"),"")
B7: NO | C7: 5 FACTOR | D7: BRAINSTORMING (PROBLEM) | E7: CATEGORY | F7: ACTION PLAN | G7: PIC | H7: PLAN START | I7: DUE DATA | J7: PLAN DURATION | K7: ACTUAL START | L7: ACTUAL FINISH | M7: ACTUAL DURATION | N7: STATUS | O7: DUE STATUS | P7: COMPLETION | Q7: COMPLETION_FLAG | S7: =S3 -> 46174 | T7: =S7+1 -> 46175 | U7: =T7+1 -> 46176 | V7: =U7+1 -> 46177 | W7: =V7+1 -> 46178 | X7: =W7+1 -> 46179 | Y7: =X7+1 -> 46180 | Z7: =Y7+1 -> 46181 | AA7: =Z7+1 -> 46182 | ... DE7: =DD7+1 -> 46264 | DG7: =S3 -> 46174 | DH7: =DG7+1 -> 46175 | DI7: =DH7+1 -> 46176 | DJ7: =DI7+1 -> 46177 | DK7: =DJ7+1 -> 46178 | DL7: =DK7+1 -> 46179 | DM7: =DL7+1 -> 46180 | DN7: =DM7+1 -> 46181 | DO7: =DN7+1 -> 46182 | ... GS7: =GR7+1 -> 46264 | GU7: =S3 -> 46174 | GV7: =GU7+1 -> 46175 | GW7: =GV7+1 -> 46176 | GX7: =GW7+1 -> 46177 | GY7: =GX7+1 -> 46178 | GZ7: =GY7+1 -> 46179 | HA7: =GZ7+1 -> 46180 | HB7: =HA7+1 -> 46181 | HC7: =HB7+1 -> 46182 | ... KG7: =KF7+1 -> 46264
B8: 1 | C8: MAN | D8: User tetap mengoperasikan LV dengan gejala abnormal karena belum memahami batas aman, tidak ada konsekuensi, dan temuan P2H tidak mendapat feedback. | E8: Quick Action | F8: Lakukan refreshment care unit dan sosialisasi kriteria STOP/GO kepada seluruh user LV. | G8: GS-PLANT-SHE | H8: 46181 | I8: 46192 | J8: =(I8-H8)+1 -> 12 | M8: =IF(AND(K8=0,L8=0),"No Progress",IF(Tbl_SM[[#This Row],[ACTUAL START]]="",0,IF(L8-K8<0,"On Progress",L8-K8))) -> No Progress | N8: =IF(Tbl_SM[[#This Row],[PLAN START]]="","", IF(Tbl_SM[[#This Row],[ACTUAL FINISH]]<>"","CLOSE", IF(Tbl_SM[[#This Row],[ACTUAL START]]<>"","ON PROGRESS", "OPEN"))) -> OPEN | O8: =IF(Tbl_SM[[#This Row],[PLAN START]]="","", IF(Tbl_SM[[#This Row],[ACTUAL FINISH]]<>"","CLOSE", IF(TODAY()>Tbl_SM[[#This Row],[DUE DATA]],"OVERDUE", IF((Tbl_SM[[#This Row],[DUE DATA]]-TODAY())<=3,"< 3 HARI", IF((Tbl_SM[[#This Row],[DUE DATA]]-TODAY())<=7,"< 7 HARI", IF((Tbl_SM[[#This Row],[DUE DATA]]-TODAY())<=14,"< 14 HARI", "> 14 HARI")))))) -> < 14 HARI | P8: =IF(SUM(S8:AW8)=0,"",IFERROR(MAX(DG8:EK8),"")) -> 0.52666667 | Q8: =IF(Tbl_SM[[#This Row],[STATUS]]="CLOSE",1,0) -> 0 | S8: 0.05 | T8: 0.08 | U8: 0.1 | V8: 0.12666667 | W8: 0.15166667 | X8: 0.17666667 | Y8: 0.20166667 | Z8: 0.22666667 | AA8: 0.25166667 | AB8: 0.27666667 | AC8: 0.30166667 | AD8: 0.32666667 | AE8: 0.35166667 | AF8: 0.37666667 | AG8: 0.40166667 | AH8: 0.42666667 | AI8: 0.45166667 | AJ8: 0.47666667 | AK8: 0.50166667 | AL8: 0.50166667 | AM8: 0.50166667 | AN8: 0.50166667 | AO8: 0.50166667 | AP8: 0.50166667 | AQ8: 0.50166667 | AR8: 0.50166667 | AS8: 0.50166667 | AT8: 0.50166667 | AU8: 0.51 | AV8: 0.51833333 | AW8: 0.52666667 | AX8: 0.535 | AY8: 0.54333333 | AZ8: 0.55166667 | BA8: 0.56 | BB8: 0.56833333 | BC8: 0.6 | BD8: 0.63 | BE8: 0.66 | BF8: 0.69 | BG8: 0.72 | BH8: 0.75 | BI8: 0.78 | BJ8: 0.81 | BK8: 0.84 | BL8: 0.87 | BM8: 0.9 | BN8: 0.93 | BO8: 0.96 | BP8: 0.99 | BQ8: 1 | BR8: 1 | BS8: 1 | BT8: 1 | BU8: 1 | BV8: 1 | BW8: 1 | BX8: 1 | BY8: 1 | BZ8: 1 | CA8: 1 | CB8: 1 | CC8: 1 | CD8: 1 | CE8: 1 | CF8: 1 | CG8: 1 | CH8: 1 | CI8: 1 | CJ8: 1 | CK8: 1 | CL8: 1 | CM8: 1 | CN8: 1 | CO8: 1 | CP8: 1 | CQ8: 1 | CR8: 1 | CS8: 1 | CT8: 1 | CU8: 1 | CV8: 1 | CW8: 1 | CX8: 1 | CY8: 1 | CZ8: 1 | DA8: 1 | DB8: 1 | DC8: 1 | DD8: 1 | DE8: 1 | DG8: 0.05 | DH8: 0.08 | DI8: 0.1 | DJ8: 0.12666667 | DK8: 0.15166667 | DL8: 0.17666667 | DM8: 0.20166667 | DN8: 0.22666667 | DO8: 0.25166667 | DP8: 0.27666667 | DQ8: 0.30166667 | DR8: 0.32666667 | DS8: 0.35166667 | DT8: 0.37666667 | DU8: 0.40166667 | DV8: 0.42666667 | DW8: 0.45166667 | DX8: 0.47666667 | DY8: 0.50166667 | DZ8: 0.50166667 | EA8: 0.50166667 | EB8: 0.50166667 | EC8: 0.50166667 | ED8: 0.50166667 | EE8: 0.50166667 | EF8: 0.50166667 | EG8: 0.50166667 | EH8: 0.50166667 | EI8: 0.51 | EJ8: 0.51833333 | EK8: 0.52666667 | EL8: 0.535 | EM8: 0.54333333 | EN8: 0.55166667 | EO8: 0.56 | EP8: 0.56833333 | EQ8: 0.6 | ER8: 0.63 | ES8: 0.66 | ET8: 0.69 | EU8: 0.72 | EV8: 0.75 | EW8: 0.78 | EX8: 0.81 | EY8: 0.84 | EZ8: 0.87 | FA8: 0.9 | FB8: 0.93 | FC8: 0.96 | FD8: 0.99 | FE8: 1 | FF8: 1 | FG8: 1 | FH8: 1 | FI8: 1 | FJ8: 1 | FK8: 1 | FL8: 1 | FM8: 1 | FN8: 1 | FO8: 1 | FP8: 1 | FQ8: 1 | FR8: 1 | FS8: 1 | FT8: 1 | FU8: 1 | FV8: 1 | FW8: 1 | FX8: 1 | FY8: 1 | FZ8: 1 | GA8: 1 | GB8: 1 | GC8: 1 | GD8: 1 | GE8: 1 | GF8: 1 | GG8: 1 | GH8: 1 | GI8: 1 | GJ8: 1 | GK8: 1 | GL8: 1 | GM8: 1 | GN8: 1 | GO8: 1 | GP8: 1 | GQ8: 1 | GR8: 1 | GS8: 1 | GU8: =IF(AND(OR(S8="",S8=0),OR(DG8="",DG8=0)),"", MIN(1.2, IFERROR(DG8/IF(OR(S8="",S8=0),1,S8),0))) -> 1 | GV8: =IF(AND(OR(T8="",T8=0),OR(DH8="",DH8=0)),"", MIN(1.2, IFERROR(DH8/IF(OR(T8="",T8=0),1,T8),0))) -> 1 | GW8: =IF(AND(OR(U8="",U8=0),OR(DI8="",DI8=0)),"", MIN(1.2, IFERROR(DI8/IF(OR(U8="",U8=0),1,U8),0))) -> 1 | GX8: =IF(AND(OR(V8="",V8=0),OR(DJ8="",DJ8=0)),"", MIN(1.2, IFERROR(DJ8/IF(OR(V8="",V8=0),1,V8),0))) -> 1 | GY8: =IF(AND(OR(W8="",W8=0),OR(DK8="",DK8=0)),"", MIN(1.2, IFERROR(DK8/IF(OR(W8="",W8=0),1,W8),0))) -> 1 | GZ8: =IF(AND(OR(X8="",X8=0),OR(DL8="",DL8=0)),"", MIN(1.2, IFERROR(DL8/IF(OR(X8="",X8=0),1,X8),0))) -> 1 | HA8: =IF(AND(OR(Y8="",Y8=0),OR(DM8="",DM8=0)),"", MIN(1.2, IFERROR(DM8/IF(OR(Y8="",Y8=0),1,Y8),0))) -> 1 | HB8: =IF(AND(OR(Z8="",Z8=0),OR(DN8="",DN8=0)),"", MIN(1.2, IFERROR(DN8/IF(OR(Z8="",Z8=0),1,Z8),0))) -> 1 | ... KG8: =IF(AND(OR(DE8="",DE8=0),OR(GS8="",GS8=0)),"", MIN(1.2, IFERROR(GS8/IF(OR(DE8="",DE8=0),1,DE8),0))) -> 1
B9: 2 | C9: MAN | D9: Kepedulian rendah karena tidak ada ownership unit dan kinerja pemeliharaan user tidak diukur. | E9: Long Term / Development | F9: Tetapkan user/PIC tetap per LV, KPI compliance P2H, serta evaluasi bulanan per departemen. | G9: GS-HC-USER | H9: 46188 | I9: 46220 | J9: =(I9-H9)+1 -> 33 | M9: =IF(AND(K9=0,L9=0),"No Progress",IF(Tbl_SM[[#This Row],[ACTUAL START]]="",0,IF(L9-K9<0,"On Progress",L9-K9))) -> No Progress | N9: =IF(Tbl_SM[[#This Row],[PLAN START]]="","", IF(Tbl_SM[[#This Row],[ACTUAL FINISH]]<>"","CLOSE", IF(Tbl_SM[[#This Row],[ACTUAL START]]<>"","ON PROGRESS", "OPEN"))) -> OPEN | O9: =IF(Tbl_SM[[#This Row],[PLAN START]]="","", IF(Tbl_SM[[#This Row],[ACTUAL FINISH]]<>"","CLOSE", IF(TODAY()>Tbl_SM[[#This Row],[DUE DATA]],"OVERDUE", IF((Tbl_SM[[#This Row],[DUE DATA]]-TODAY())<=3,"< 3 HARI", IF((Tbl_SM[[#This Row],[DUE DATA]]-TODAY())<=7,"< 7 HARI", IF((Tbl_SM[[#This Row],[DUE DATA]]-TODAY())<=14,"< 14 HARI", "> 14 HARI")))))) -> > 14 HARI | P9: =IF(SUM(S9:AW9)=0,"",IFERROR(MAX(DG9:EK9),"")) -> 0.52666667 | Q9: =IF(Tbl_SM[[#This Row],[STATUS]]="CLOSE",1,0) -> 0 | S9: 0.05 | T9: 0.08 | U9: 0.1 | V9: 0.12666667 | W9: 0.15166667 | X9: 0.17666667 | Y9: 0.20166667 | Z9: 0.22666667 | AA9: 0.25166667 | AB9: 0.27666667 | AC9: 0.30166667 | AD9: 0.32666667 | AE9: 0.35166667 | AF9: 0.37666667 | AG9: 0.40166667 | AH9: 0.42666667 | AI9: 0.45166667 | AJ9: 0.47666667 | AK9: 0.50166667 | AL9: 0.50166667 | AM9: 0.50166667 | AN9: 0.50166667 | AO9: 0.50166667 | AP9: 0.50166667 | AQ9: 0.50166667 | AR9: 0.50166667 | AS9: 0.50166667 | AT9: 0.50166667 | AU9: 0.51 | AV9: 0.51833333 | AW9: 0.52666667 | AX9: 0.535 | AY9: 0.54333333 | AZ9: 0.55166667 | BA9: 0.56 | BB9: 0.56833333 | BC9: 0.6 | BD9: 0.63 | BE9: 0.66 | BF9: 0.69 | BG9: 0.72 | BH9: 0.75 | BI9: 0.78 | BJ9: 0.81 | BK9: 0.84 | BL9: 0.87 | BM9: 0.9 | BN9: 0.93 | BO9: 0.96 | BP9: 0.99 | BQ9: 1 | BR9: 1 | BS9: 1 | BT9: 1 | BU9: 1 | BV9: 1 | BW9: 1 | BX9: 1 | BY9: 1 | BZ9: 1 | CA9: 1 | CB9: 1 | CC9: 1 | CD9: 1 | CE9: 1 | CF9: 1 | CG9: 1 | CH9: 1 | CI9: 1 | CJ9: 1 | CK9: 1 | CL9: 1 | CM9: 1 | CN9: 1 | CO9: 1 | CP9: 1 | CQ9: 1 | CR9: 1 | CS9: 1 | CT9: 1 | CU9: 1 | CV9: 1 | CW9: 1 | CX9: 1 | CY9: 1 | CZ9: 1 | DA9: 1 | DB9: 1 | DC9: 1 | DD9: 1 | DE9: 1 | DG9: 0.05 | DH9: 0.08 | DI9: 0.1 | DJ9: 0.12666667 | DK9: 0.15166667 | DL9: 0.17666667 | DM9: 0.20166667 | DN9: 0.22666667 | DO9: 0.25166667 | DP9: 0.27666667 | DQ9: 0.30166667 | DR9: 0.32666667 | DS9: 0.35166667 | DT9: 0.37666667 | DU9: 0.40166667 | DV9: 0.42666667 | DW9: 0.45166667 | DX9: 0.47666667 | DY9: 0.50166667 | DZ9: 0.50166667 | EA9: 0.50166667 | EB9: 0.50166667 | EC9: 0.50166667 | ED9: 0.50166667 | EE9: 0.50166667 | EF9: 0.50166667 | EG9: 0.50166667 | EH9: 0.50166667 | EI9: 0.51 | EJ9: 0.51833333 | EK9: 0.52666667 | EL9: 0.535 | EM9: 0.54333333 | EN9: 0.55166667 | EO9: 0.56 | EP9: 0.56833333 | EQ9: 0.6 | ER9: 0.63 | ES9: 0.66 | ET9: 0.69 | EU9: 0.72 | EV9: 0.75 | EW9: 0.78 | EX9: 0.81 | EY9: 0.84 | EZ9: 0.87 | FA9: 0.9 | FB9: 0.93 | FC9: 0.96 | FD9: 0.99 | FE9: 1 | FF9: 1 | FG9: 1 | FH9: 1 | FI9: 1 | FJ9: 1 | FK9: 1 | FL9: 1 | FM9: 1 | FN9: 1 | FO9: 1 | FP9: 1 | FQ9: 1 | FR9: 1 | FS9: 1 | FT9: 1 | FU9: 1 | FV9: 1 | FW9: 1 | FX9: 1 | FY9: 1 | FZ9: 1 | GA9: 1 | GB9: 1 | GC9: 1 | GD9: 1 | GE9: 1 | GF9: 1 | GG9: 1 | GH9: 1 | GI9: 1 | GJ9: 1 | GK9: 1 | GL9: 1 | GM9: 1 | GN9: 1 | GO9: 1 | GP9: 1 | GQ9: 1 | GR9: 1 | GS9: 1 | GU9: =IF(AND(OR(S9="",S9=0),OR(DG9="",DG9=0)),"", MIN(1.2, IFERROR(DG9/IF(OR(S9="",S9=0),1,S9),0))) -> 1 | GV9: =IF(AND(OR(T9="",T9=0),OR(DH9="",DH9=0)),"", MIN(1.2, IFERROR(DH9/IF(OR(T9="",T9=0),1,T9),0))) -> 1 | GW9: =IF(AND(OR(U9="",U9=0),OR(DI9="",DI9=0)),"", MIN(1.2, IFERROR(DI9/IF(OR(U9="",U9=0),1,U9),0))) -> 1 | GX9: =IF(AND(OR(V9="",V9=0),OR(DJ9="",DJ9=0)),"", MIN(1.2, IFERROR(DJ9/IF(OR(V9="",V9=0),1,V9),0))) -> 1 | GY9: =IF(AND(OR(W9="",W9=0),OR(DK9="",DK9=0)),"", MIN(1.2, IFERROR(DK9/IF(OR(W9="",W9=0),1,W9),0))) -> 1 | GZ9: =IF(AND(OR(X9="",X9=0),OR(DL9="",DL9=0)),"", MIN(1.2, IFERROR(DL9/IF(OR(X9="",X9=0),1,X9),0))) -> 1 | HA9: =IF(AND(OR(Y9="",Y9=0),OR(DM9="",DM9=0)),"", MIN(1.2, IFERROR(DM9/IF(OR(Y9="",Y9=0),1,Y9),0))) -> 1 | HB9: =IF(AND(OR(Z9="",Z9=0),OR(DN9="",DN9=0)),"", MIN(1.2, IFERROR(DN9/IF(OR(Z9="",Z9=0),1,Z9),0))) -> 1 | ... KG9: =IF(AND(OR(DE9="",DE9=0),OR(GS9="",GS9=0)),"", MIN(1.2, IFERROR(GS9/IF(OR(DE9="",DE9=0),1,DE9),0))) -> 1
B10: 3 | C10: MAN | D10: PIC LV belum konsisten menindaklanjuti temuan karena tidak ada daily control board dan forum eskalasi. | E10: Quick Action | F10: Buat daily control board: status unit, temuan P2H, aging repair, kebutuhan part, dan PIC follow-up. | G10: GS-PIC LV | H10: 46181 | I10: 46188 | J10: =(I10-H10)+1 -> 8 | M10: =IF(AND(K10=0,L10=0),"No Progress",IF(Tbl_SM[[#This Row],[ACTUAL START]]="",0,IF(L10-K10<0,"On Progress",L10-K10))) -> No Progress | N10: =IF(Tbl_SM[[#This Row],[PLAN START]]="","", IF(Tbl_SM[[#This Row],[ACTUAL FINISH]]<>"","CLOSE", IF(Tbl_SM[[#This Row],[ACTUAL START]]<>"","ON PROGRESS", "OPEN"))) -> OPEN | O10: =IF(Tbl_SM[[#This Row],[PLAN START]]="","", IF(Tbl_SM[[#This Row],[ACTUAL FINISH]]<>"","CLOSE", IF(TODAY()>Tbl_SM[[#This Row],[DUE DATA]],"OVERDUE", IF((Tbl_SM[[#This Row],[DUE DATA]]-TODAY())<=3,"< 3 HARI", IF((Tbl_SM[[#This Row],[DUE DATA]]-TODAY())<=7,"< 7 HARI", IF((Tbl_SM[[#This Row],[DUE DATA]]-TODAY())<=14,"< 14 HARI", "> 14 HARI")))))) -> < 7 HARI | P10: =IF(SUM(S10:AW10)=0,"",IFERROR(MAX(DG10:EK10),"")) -> 0.52666667 | Q10: =IF(Tbl_SM[[#This Row],[STATUS]]="CLOSE",1,0) -> 0 | S10: 0.05 | T10: 0.08 | U10: 0.1 | V10: 0.12666667 | W10: 0.15166667 | X10: 0.17666667 | Y10: 0.20166667 | Z10: 0.22666667 | AA10: 0.25166667 | AB10: 0.27666667 | AC10: 0.30166667 | AD10: 0.32666667 | AE10: 0.35166667 | AF10: 0.37666667 | AG10: 0.40166667 | AH10: 0.42666667 | AI10: 0.45166667 | AJ10: 0.47666667 | AK10: 0.50166667 | AL10: 0.50166667 | AM10: 0.50166667 | AN10: 0.50166667 | AO10: 0.50166667 | AP10: 0.50166667 | AQ10: 0.50166667 | AR10: 0.50166667 | AS10: 0.50166667 | AT10: 0.50166667 | AU10: 0.51 | AV10: 0.51833333 | AW10: 0.52666667 | AX10: 0.535 | AY10: 0.54333333 | AZ10: 0.55166667 | BA10: 0.56 | BB10: 0.56833333 | BC10: 0.6 | BD10: 0.63 | BE10: 0.66 | BF10: 0.69 | BG10: 0.72 | BH10: 0.75 | BI10: 0.78 | BJ10: 0.81 | BK10: 0.84 | BL10: 0.87 | BM10: 0.9 | BN10: 0.93 | BO10: 0.96 | BP10: 0.99 | BQ10: 1 | BR10: 1 | BS10: 1 | BT10: 1 | BU10: 1 | BV10: 1 | BW10: 1 | BX10: 1 | BY10: 1 | BZ10: 1 | CA10: 1 | CB10: 1 | CC10: 1 | CD10: 1 | CE10: 1 | CF10: 1 | CG10: 1 | CH10: 1 | CI10: 1 | CJ10: 1 | CK10: 1 | CL10: 1 | CM10: 1 | CN10: 1 | CO10: 1 | CP10: 1 | CQ10: 1 | CR10: 1 | CS10: 1 | CT10: 1 | CU10: 1 | CV10: 1 | CW10: 1 | CX10: 1 | CY10: 1 | CZ10: 1 | DA10: 1 | DB10: 1 | DC10: 1 | DD10: 1 | DE10: 1 | DG10: 0.05 | DH10: 0.08 | DI10: 0.1 | DJ10: 0.12666667 | DK10: 0.15166667 | DL10: 0.17666667 | DM10: 0.20166667 | DN10: 0.22666667 | DO10: 0.25166667 | DP10: 0.27666667 | DQ10: 0.30166667 | DR10: 0.32666667 | DS10: 0.35166667 | DT10: 0.37666667 | DU10: 0.40166667 | DV10: 0.42666667 | DW10: 0.45166667 | DX10: 0.47666667 | DY10: 0.50166667 | DZ10: 0.50166667 | EA10: 0.50166667 | EB10: 0.50166667 | EC10: 0.50166667 | ED10: 0.50166667 | EE10: 0.50166667 | EF10: 0.50166667 | EG10: 0.50166667 | EH10: 0.50166667 | EI10: 0.51 | EJ10: 0.51833333 | EK10: 0.52666667 | EL10: 0.535 | EM10: 0.54333333 | EN10: 0.55166667 | EO10: 0.56 | EP10: 0.56833333 | EQ10: 0.6 | ER10: 0.63 | ES10: 0.66 | ET10: 0.69 | EU10: 0.72 | EV10: 0.75 | EW10: 0.78 | EX10: 0.81 | EY10: 0.84 | EZ10: 0.87 | FA10: 0.9 | FB10: 0.93 | FC10: 0.96 | FD10: 0.99 | FE10: 1 | FF10: 1 | FG10: 1 | FH10: 1 | FI10: 1 | FJ10: 1 | FK10: 1 | FL10: 1 | FM10: 1 | FN10: 1 | FO10: 1 | FP10: 1 | FQ10: 1 | FR10: 1 | FS10: 1 | FT10: 1 | FU10: 1 | FV10: 1 | FW10: 1 | FX10: 1 | FY10: 1 | FZ10: 1 | GA10: 1 | GB10: 1 | GC10: 1 | GD10: 1 | GE10: 1 | GF10: 1 | GG10: 1 | GH10: 1 | GI10: 1 | GJ10: 1 | GK10: 1 | GL10: 1 | GM10: 1 | GN10: 1 | GO10: 1 | GP10: 1 | GQ10: 1 | GR10: 1 | GS10: 1 | GU10: =IF(AND(OR(S10="",S10=0),OR(DG10="",DG10=0)),"", MIN(1.2, IFERROR(DG10/IF(OR(S10="",S10=0),1,S10),0))) -> 1 | GV10: =IF(AND(OR(T10="",T10=0),OR(DH10="",DH10=0)),"", MIN(1.2, IFERROR(DH10/IF(OR(T10="",T10=0),1,T10),0))) -> 1 | GW10: =IF(AND(OR(U10="",U10=0),OR(DI10="",DI10=0)),"", MIN(1.2, IFERROR(DI10/IF(OR(U10="",U10=0),1,U10),0))) -> 1 | GX10: =IF(AND(OR(V10="",V10=0),OR(DJ10="",DJ10=0)),"", MIN(1.2, IFERROR(DJ10/IF(OR(V10="",V10=0),1,V10),0))) -> 1 | GY10: =IF(AND(OR(W10="",W10=0),OR(DK10="",DK10=0)),"", MIN(1.2, IFERROR(DK10/IF(OR(W10="",W10=0),1,W10),0))) -> 1 | GZ10: =IF(AND(OR(X10="",X10=0),OR(DL10="",DL10=0)),"", MIN(1.2, IFERROR(DL10/IF(OR(X10="",X10=0),1,X10),0))) -> 1 | HA10: =IF(AND(OR(Y10="",Y10=0),OR(DM10="",DM10=0)),"", MIN(1.2, IFERROR(DM10/IF(OR(Y10="",Y10=0),1,Y10),0))) -> 1 | HB10: =IF(AND(OR(Z10="",Z10=0),OR(DN10="",DN10=0)),"", MIN(1.2, IFERROR(DN10/IF(OR(Z10="",Z10=0),1,Z10),0))) -> 1 | ... KG10: =IF(AND(OR(DE10="",DE10=0),OR(GS10="",GS10=0)),"", MIN(1.2, IFERROR(GS10/IF(OR(DE10="",DE10=0),1,DE10),0))) -> 1
B11: 4 | C11: MAN | D11: Kualitas troubleshooting mekanik bervariasi dan repeat job belum menjadi bahan evaluasi. | E11: Quick Action | F11: Review mingguan mekanik berdasarkan diagnosis time, repair time, repeat job, dan kualitas closing WO. | G11: PLANT-GS | H11: 46183 | I11: 46206 | J11: =(I11-H11)+1 -> 24 | M11: =IF(AND(K11=0,L11=0),"No Progress",IF(Tbl_SM[[#This Row],[ACTUAL START]]="",0,IF(L11-K11<0,"On Progress",L11-K11))) -> No Progress | N11: =IF(Tbl_SM[[#This Row],[PLAN START]]="","", IF(Tbl_SM[[#This Row],[ACTUAL FINISH]]<>"","CLOSE", IF(Tbl_SM[[#This Row],[ACTUAL START]]<>"","ON PROGRESS", "OPEN"))) -> OPEN | O11: =IF(Tbl_SM[[#This Row],[PLAN START]]="","", IF(Tbl_SM[[#This Row],[ACTUAL FINISH]]<>"","CLOSE", IF(TODAY()>Tbl_SM[[#This Row],[DUE DATA]],"OVERDUE", IF((Tbl_SM[[#This Row],[DUE DATA]]-TODAY())<=3,"< 3 HARI", IF((Tbl_SM[[#This Row],[DUE DATA]]-TODAY())<=7,"< 7 HARI", IF((Tbl_SM[[#This Row],[DUE DATA]]-TODAY())<=14,"< 14 HARI", "> 14 HARI")))))) -> > 14 HARI | P11: =IF(SUM(S11:AW11)=0,"",IFERROR(MAX(DG11:EK11),"")) -> 0.52666667 | Q11: =IF(Tbl_SM[[#This Row],[STATUS]]="CLOSE",1,0) -> 0 | S11: 0.05 | T11: 0.08 | U11: 0.1 | V11: 0.12666667 | W11: 0.15166667 | X11: 0.17666667 | Y11: 0.20166667 | Z11: 0.22666667 | AA11: 0.25166667 | AB11: 0.27666667 | AC11: 0.30166667 | AD11: 0.32666667 | AE11: 0.35166667 | AF11: 0.37666667 | AG11: 0.40166667 | AH11: 0.42666667 | AI11: 0.45166667 | AJ11: 0.47666667 | AK11: 0.50166667 | AL11: 0.50166667 | AM11: 0.50166667 | AN11: 0.50166667 | AO11: 0.50166667 | AP11: 0.50166667 | AQ11: 0.50166667 | AR11: 0.50166667 | AS11: 0.50166667 | AT11: 0.50166667 | AU11: 0.51 | AV11: 0.51833333 | AW11: 0.52666667 | AX11: 0.535 | AY11: 0.54333333 | AZ11: 0.55166667 | BA11: 0.56 | BB11: 0.56833333 | BC11: 0.6 | BD11: 0.63 | BE11: 0.66 | BF11: 0.69 | BG11: 0.72 | BH11: 0.75 | BI11: 0.78 | BJ11: 0.81 | BK11: 0.84 | BL11: 0.87 | BM11: 0.9 | BN11: 0.93 | BO11: 0.96 | BP11: 0.99 | BQ11: 1 | BR11: 1 | BS11: 1 | BT11: 1 | BU11: 1 | BV11: 1 | BW11: 1 | BX11: 1 | BY11: 1 | BZ11: 1 | CA11: 1 | CB11: 1 | CC11: 1 | CD11: 1 | CE11: 1 | CF11: 1 | CG11: 1 | CH11: 1 | CI11: 1 | CJ11: 1 | CK11: 1 | CL11: 1 | CM11: 1 | CN11: 1 | CO11: 1 | CP11: 1 | CQ11: 1 | CR11: 1 | CS11: 1 | CT11: 1 | CU11: 1 | CV11: 1 | CW11: 1 | CX11: 1 | CY11: 1 | CZ11: 1 | DA11: 1 | DB11: 1 | DC11: 1 | DD11: 1 | DE11: 1 | DG11: 0.05 | DH11: 0.08 | DI11: 0.1 | DJ11: 0.12666667 | DK11: 0.15166667 | DL11: 0.17666667 | DM11: 0.20166667 | DN11: 0.22666667 | DO11: 0.25166667 | DP11: 0.27666667 | DQ11: 0.30166667 | DR11: 0.32666667 | DS11: 0.35166667 | DT11: 0.37666667 | DU11: 0.40166667 | DV11: 0.42666667 | DW11: 0.45166667 | DX11: 0.47666667 | DY11: 0.50166667 | DZ11: 0.50166667 | EA11: 0.50166667 | EB11: 0.50166667 | EC11: 0.50166667 | ED11: 0.50166667 | EE11: 0.50166667 | EF11: 0.50166667 | EG11: 0.50166667 | EH11: 0.50166667 | EI11: 0.51 | EJ11: 0.51833333 | EK11: 0.52666667 | EL11: 0.535 | EM11: 0.54333333 | EN11: 0.55166667 | EO11: 0.56 | EP11: 0.56833333 | EQ11: 0.6 | ER11: 0.63 | ES11: 0.66 | ET11: 0.69 | EU11: 0.72 | EV11: 0.75 | EW11: 0.78 | EX11: 0.81 | EY11: 0.84 | EZ11: 0.87 | FA11: 0.9 | FB11: 0.93 | FC11: 0.96 | FD11: 0.99 | FE11: 1 | FF11: 1 | FG11: 1 | FH11: 1 | FI11: 1 | FJ11: 1 | FK11: 1 | FL11: 1 | FM11: 1 | FN11: 1 | FO11: 1 | FP11: 1 | FQ11: 1 | FR11: 1 | FS11: 1 | FT11: 1 | FU11: 1 | FV11: 1 | FW11: 1 | FX11: 1 | FY11: 1 | FZ11: 1 | GA11: 1 | GB11: 1 | GC11: 1 | GD11: 1 | GE11: 1 | GF11: 1 | GG11: 1 | GH11: 1 | GI11: 1 | GJ11: 1 | GK11: 1 | GL11: 1 | GM11: 1 | GN11: 1 | GO11: 1 | GP11: 1 | GQ11: 1 | GR11: 1 | GS11: 1 | GU11: =IF(AND(OR(S11="",S11=0),OR(DG11="",DG11=0)),"", MIN(1.2, IFERROR(DG11/IF(OR(S11="",S11=0),1,S11),0))) -> 1 | GV11: =IF(AND(OR(T11="",T11=0),OR(DH11="",DH11=0)),"", MIN(1.2, IFERROR(DH11/IF(OR(T11="",T11=0),1,T11),0))) -> 1 | GW11: =IF(AND(OR(U11="",U11=0),OR(DI11="",DI11=0)),"", MIN(1.2, IFERROR(DI11/IF(OR(U11="",U11=0),1,U11),0))) -> 1 | GX11: =IF(AND(OR(V11="",V11=0),OR(DJ11="",DJ11=0)),"", MIN(1.2, IFERROR(DJ11/IF(OR(V11="",V11=0),1,V11),0))) -> 1 | GY11: =IF(AND(OR(W11="",W11=0),OR(DK11="",DK11=0)),"", MIN(1.2, IFERROR(DK11/IF(OR(W11="",W11=0),1,W11),0))) -> 1 | GZ11: =IF(AND(OR(X11="",X11=0),OR(DL11="",DL11=0)),"", MIN(1.2, IFERROR(DL11/IF(OR(X11="",X11=0),1,X11),0))) -> 1 | HA11: =IF(AND(OR(Y11="",Y11=0),OR(DM11="",DM11=0)),"", MIN(1.2, IFERROR(DM11/IF(OR(Y11="",Y11=0),1,Y11),0))) -> 1 | HB11: =IF(AND(OR(Z11="",Z11=0),OR(DN11="",DN11=0)),"", MIN(1.2, IFERROR(DN11/IF(OR(Z11="",Z11=0),1,Z11),0))) -> 1 | ... KG11: =IF(AND(OR(DE11="",DE11=0),OR(GS11="",GS11=0)),"", MIN(1.2, IFERROR(GS11/IF(OR(DE11="",DE11=0),1,DE11),0))) -> 1
B12: 5 | C12: MAN | D12: Kompetensi electrical, engine, brake, dan AC belum merata karena belum ada skill matrix LV. | E12: Long Term / Development | F12: Susun skill matrix; lakukan coaching, pairing mekanik, dan evaluasi kompetensi per sistem. | G12: PLANT-SLD | H12: 46195 | I12: 46248 | J12: =(I12-H12)+1 -> 54 | M12: =IF(AND(K12=0,L12=0),"No Progress",IF(Tbl_SM[[#This Row],[ACTUAL START]]="",0,IF(L12-K12<0,"On Progress",L12-K12))) -> No Progress | N12: =IF(Tbl_SM[[#This Row],[PLAN START]]="","", IF(Tbl_SM[[#This Row],[ACTUAL FINISH]]<>"","CLOSE", IF(Tbl_SM[[#This Row],[ACTUAL START]]<>"","ON PROGRESS", "OPEN"))) -> OPEN | O12: =IF(Tbl_SM[[#This Row],[PLAN START]]="","", IF(Tbl_SM[[#This Row],[ACTUAL FINISH]]<>"","CLOSE", IF(TODAY()>Tbl_SM[[#This Row],[DUE DATA]],"OVERDUE", IF((Tbl_SM[[#This Row],[DUE DATA]]-TODAY())<=3,"< 3 HARI", IF((Tbl_SM[[#This Row],[DUE DATA]]-TODAY())<=7,"< 7 HARI", IF((Tbl_SM[[#This Row],[DUE DATA]]-TODAY())<=14,"< 14 HARI", "> 14 HARI")))))) -> > 14 HARI | P12: =IF(SUM(S12:AW12)=0,"",IFERROR(MAX(DG12:EK12),"")) -> 0.52666667 | Q12: =IF(Tbl_SM[[#This Row],[STATUS]]="CLOSE",1,0) -> 0 | S12: 0.05 | T12: 0.08 | U12: 0.1 | V12: 0.12666667 | W12: 0.15166667 | X12: 0.17666667 | Y12: 0.20166667 | Z12: 0.22666667 | AA12: 0.25166667 | AB12: 0.27666667 | AC12: 0.30166667 | AD12: 0.32666667 | AE12: 0.35166667 | AF12: 0.37666667 | AG12: 0.40166667 | AH12: 0.42666667 | AI12: 0.45166667 | AJ12: 0.47666667 | AK12: 0.50166667 | AL12: 0.50166667 | AM12: 0.50166667 | AN12: 0.50166667 | AO12: 0.50166667 | AP12: 0.50166667 | AQ12: 0.50166667 | AR12: 0.50166667 | AS12: 0.50166667 | AT12: 0.50166667 | AU12: 0.51 | AV12: 0.51833333 | AW12: 0.52666667 | AX12: 0.535 | AY12: 0.54333333 | AZ12: 0.55166667 | BA12: 0.56 | BB12: 0.56833333 | BC12: 0.6 | BD12: 0.63 | BE12: 0.66 | BF12: 0.69 | BG12: 0.72 | BH12: 0.75 | BI12: 0.78 | BJ12: 0.81 | BK12: 0.84 | BL12: 0.87 | BM12: 0.9 | BN12: 0.93 | BO12: 0.96 | BP12: 0.99 | BQ12: 1 | BR12: 1 | BS12: 1 | BT12: 1 | BU12: 1 | BV12: 1 | BW12: 1 | BX12: 1 | BY12: 1 | BZ12: 1 | CA12: 1 | CB12: 1 | CC12: 1 | CD12: 1 | CE12: 1 | CF12: 1 | CG12: 1 | CH12: 1 | CI12: 1 | CJ12: 1 | CK12: 1 | CL12: 1 | CM12: 1 | CN12: 1 | CO12: 1 | CP12: 1 | CQ12: 1 | CR12: 1 | CS12: 1 | CT12: 1 | CU12: 1 | CV12: 1 | CW12: 1 | CX12: 1 | CY12: 1 | CZ12: 1 | DA12: 1 | DB12: 1 | DC12: 1 | DD12: 1 | DE12: 1 | DG12: 0.05 | DH12: 0.08 | DI12: 0.1 | DJ12: 0.12666667 | DK12: 0.15166667 | DL12: 0.17666667 | DM12: 0.20166667 | DN12: 0.22666667 | DO12: 0.25166667 | DP12: 0.27666667 | DQ12: 0.30166667 | DR12: 0.32666667 | DS12: 0.35166667 | DT12: 0.37666667 | DU12: 0.40166667 | DV12: 0.42666667 | DW12: 0.45166667 | DX12: 0.47666667 | DY12: 0.50166667 | DZ12: 0.50166667 | EA12: 0.50166667 | EB12: 0.50166667 | EC12: 0.50166667 | ED12: 0.50166667 | EE12: 0.50166667 | EF12: 0.50166667 | EG12: 0.50166667 | EH12: 0.50166667 | EI12: 0.51 | EJ12: 0.51833333 | EK12: 0.52666667 | EL12: 0.535 | EM12: 0.54333333 | EN12: 0.55166667 | EO12: 0.56 | EP12: 0.56833333 | EQ12: 0.6 | ER12: 0.63 | ES12: 0.66 | ET12: 0.69 | EU12: 0.72 | EV12: 0.75 | EW12: 0.78 | EX12: 0.81 | EY12: 0.84 | EZ12: 0.87 | FA12: 0.9 | FB12: 0.93 | FC12: 0.96 | FD12: 0.99 | FE12: 1 | FF12: 1 | FG12: 1 | FH12: 1 | FI12: 1 | FJ12: 1 | FK12: 1 | FL12: 1 | FM12: 1 | FN12: 1 | FO12: 1 | FP12: 1 | FQ12: 1 | FR12: 1 | FS12: 1 | FT12: 1 | FU12: 1 | FV12: 1 | FW12: 1 | FX12: 1 | FY12: 1 | FZ12: 1 | GA12: 1 | GB12: 1 | GC12: 1 | GD12: 1 | GE12: 1 | GF12: 1 | GG12: 1 | GH12: 1 | GI12: 1 | GJ12: 1 | GK12: 1 | GL12: 1 | GM12: 1 | GN12: 1 | GO12: 1 | GP12: 1 | GQ12: 1 | GR12: 1 | GS12: 1 | GU12: =IF(AND(OR(S12="",S12=0),OR(DG12="",DG12=0)),"", MIN(1.2, IFERROR(DG12/IF(OR(S12="",S12=0),1,S12),0))) -> 1 | GV12: =IF(AND(OR(T12="",T12=0),OR(DH12="",DH12=0)),"", MIN(1.2, IFERROR(DH12/IF(OR(T12="",T12=0),1,T12),0))) -> 1 | GW12: =IF(AND(OR(U12="",U12=0),OR(DI12="",DI12=0)),"", MIN(1.2, IFERROR(DI12/IF(OR(U12="",U12=0),1,U12),0))) -> 1 | GX12: =IF(AND(OR(V12="",V12=0),OR(DJ12="",DJ12=0)),"", MIN(1.2, IFERROR(DJ12/IF(OR(V12="",V12=0),1,V12),0))) -> 1 | GY12: =IF(AND(OR(W12="",W12=0),OR(DK12="",DK12=0)),"", MIN(1.2, IFERROR(DK12/IF(OR(W12="",W12=0),1,W12),0))) -> 1 | GZ12: =IF(AND(OR(X12="",X12=0),OR(DL12="",DL12=0)),"", MIN(1.2, IFERROR(DL12/IF(OR(X12="",X12=0),1,X12),0))) -> 1 | HA12: =IF(AND(OR(Y12="",Y12=0),OR(DM12="",DM12=0)),"", MIN(1.2, IFERROR(DM12/IF(OR(Y12="",Y12=0),1,Y12),0))) -> 1 | HB12: =IF(AND(OR(Z12="",Z12=0),OR(DN12="",DN12=0)),"", MIN(1.2, IFERROR(DN12/IF(OR(Z12="",Z12=0),1,Z12),0))) -> 1 | ... KG12: =IF(AND(OR(DE12="",DE12=0),OR(GS12="",GS12=0)),"", MIN(1.2, IFERROR(GS12/IF(OR(DE12="",DE12=0),1,DE12),0))) -> 1
B13: 6 | C13: METHOD | D13: P2H menjadi formalitas karena checklist terlalu umum dan tidak memberi panduan gejala abnormal. | E13: Quick Action | F13: Revisi checklist P2H dengan foto standar, item kritikal, klasifikasi temuan, dan bukti pemeriksaan. | G13: GS-PLANT-SHE | H13: 46181 | I13: 46199 | J13: =(I13-H13)+1 -> 19 | M13: =IF(AND(K13=0,L13=0),"No Progress",IF(Tbl_SM[[#This Row],[ACTUAL START]]="",0,IF(L13-K13<0,"On Progress",L13-K13))) -> No Progress | N13: =IF(Tbl_SM[[#This Row],[PLAN START]]="","", IF(Tbl_SM[[#This Row],[ACTUAL FINISH]]<>"","CLOSE", IF(Tbl_SM[[#This Row],[ACTUAL START]]<>"","ON PROGRESS", "OPEN"))) -> OPEN | O13: =IF(Tbl_SM[[#This Row],[PLAN START]]="","", IF(Tbl_SM[[#This Row],[ACTUAL FINISH]]<>"","CLOSE", IF(TODAY()>Tbl_SM[[#This Row],[DUE DATA]],"OVERDUE", IF((Tbl_SM[[#This Row],[DUE DATA]]-TODAY())<=3,"< 3 HARI", IF((Tbl_SM[[#This Row],[DUE DATA]]-TODAY())<=7,"< 7 HARI", IF((Tbl_SM[[#This Row],[DUE DATA]]-TODAY())<=14,"< 14 HARI", "> 14 HARI")))))) -> > 14 HARI | P13: =IF(SUM(S13:AW13)=0,"",IFERROR(MAX(DG13:EK13),"")) -> 0.52666667 | Q13: =IF(Tbl_SM[[#This Row],[STATUS]]="CLOSE",1,0) -> 0 | S13: 0.05 | T13: 0.08 | U13: 0.1 | V13: 0.12666667 | W13: 0.15166667 | X13: 0.17666667 | Y13: 0.20166667 | Z13: 0.22666667 | AA13: 0.25166667 | AB13: 0.27666667 | AC13: 0.30166667 | AD13: 0.32666667 | AE13: 0.35166667 | AF13: 0.37666667 | AG13: 0.40166667 | AH13: 0.42666667 | AI13: 0.45166667 | AJ13: 0.47666667 | AK13: 0.50166667 | AL13: 0.50166667 | AM13: 0.50166667 | AN13: 0.50166667 | AO13: 0.50166667 | AP13: 0.50166667 | AQ13: 0.50166667 | AR13: 0.50166667 | AS13: 0.50166667 | AT13: 0.50166667 | AU13: 0.51 | AV13: 0.51833333 | AW13: 0.52666667 | AX13: 0.535 | AY13: 0.54333333 | AZ13: 0.55166667 | BA13: 0.56 | BB13: 0.56833333 | BC13: 0.6 | BD13: 0.63 | BE13: 0.66 | BF13: 0.69 | BG13: 0.72 | BH13: 0.75 | BI13: 0.78 | BJ13: 0.81 | BK13: 0.84 | BL13: 0.87 | BM13: 0.9 | BN13: 0.93 | BO13: 0.96 | BP13: 0.99 | BQ13: 1 | BR13: 1 | BS13: 1 | BT13: 1 | BU13: 1 | BV13: 1 | BW13: 1 | BX13: 1 | BY13: 1 | BZ13: 1 | CA13: 1 | CB13: 1 | CC13: 1 | CD13: 1 | CE13: 1 | CF13: 1 | CG13: 1 | CH13: 1 | CI13: 1 | CJ13: 1 | CK13: 1 | CL13: 1 | CM13: 1 | CN13: 1 | CO13: 1 | CP13: 1 | CQ13: 1 | CR13: 1 | CS13: 1 | CT13: 1 | CU13: 1 | CV13: 1 | CW13: 1 | CX13: 1 | CY13: 1 | CZ13: 1 | DA13: 1 | DB13: 1 | DC13: 1 | DD13: 1 | DE13: 1 | DG13: 0.05 | DH13: 0.08 | DI13: 0.1 | DJ13: 0.12666667 | DK13: 0.15166667 | DL13: 0.17666667 | DM13: 0.20166667 | DN13: 0.22666667 | DO13: 0.25166667 | DP13: 0.27666667 | DQ13: 0.30166667 | DR13: 0.32666667 | DS13: 0.35166667 | DT13: 0.37666667 | DU13: 0.40166667 | DV13: 0.42666667 | DW13: 0.45166667 | DX13: 0.47666667 | DY13: 0.50166667 | DZ13: 0.50166667 | EA13: 0.50166667 | EB13: 0.50166667 | EC13: 0.50166667 | ED13: 0.50166667 | EE13: 0.50166667 | EF13: 0.50166667 | EG13: 0.50166667 | EH13: 0.50166667 | EI13: 0.51 | EJ13: 0.51833333 | EK13: 0.52666667 | EL13: 0.535 | EM13: 0.54333333 | EN13: 0.55166667 | EO13: 0.56 | EP13: 0.56833333 | EQ13: 0.6 | ER13: 0.63 | ES13: 0.66 | ET13: 0.69 | EU13: 0.72 | EV13: 0.75 | EW13: 0.78 | EX13: 0.81 | EY13: 0.84 | EZ13: 0.87 | FA13: 0.9 | FB13: 0.93 | FC13: 0.96 | FD13: 0.99 | FE13: 1 | FF13: 1 | FG13: 1 | FH13: 1 | FI13: 1 | FJ13: 1 | FK13: 1 | FL13: 1 | FM13: 1 | FN13: 1 | FO13: 1 | FP13: 1 | FQ13: 1 | FR13: 1 | FS13: 1 | FT13: 1 | FU13: 1 | FV13: 1 | FW13: 1 | FX13: 1 | FY13: 1 | FZ13: 1 | GA13: 1 | GB13: 1 | GC13: 1 | GD13: 1 | GE13: 1 | GF13: 1 | GG13: 1 | GH13: 1 | GI13: 1 | GJ13: 1 | GK13: 1 | GL13: 1 | GM13: 1 | GN13: 1 | GO13: 1 | GP13: 1 | GQ13: 1 | GR13: 1 | GS13: 1 | GU13: =IF(AND(OR(S13="",S13=0),OR(DG13="",DG13=0)),"", MIN(1.2, IFERROR(DG13/IF(OR(S13="",S13=0),1,S13),0))) -> 1 | GV13: =IF(AND(OR(T13="",T13=0),OR(DH13="",DH13=0)),"", MIN(1.2, IFERROR(DH13/IF(OR(T13="",T13=0),1,T13),0))) -> 1 | GW13: =IF(AND(OR(U13="",U13=0),OR(DI13="",DI13=0)),"", MIN(1.2, IFERROR(DI13/IF(OR(U13="",U13=0),1,U13),0))) -> 1 | GX13: =IF(AND(OR(V13="",V13=0),OR(DJ13="",DJ13=0)),"", MIN(1.2, IFERROR(DJ13/IF(OR(V13="",V13=0),1,V13),0))) -> 1 | GY13: =IF(AND(OR(W13="",W13=0),OR(DK13="",DK13=0)),"", MIN(1.2, IFERROR(DK13/IF(OR(W13="",W13=0),1,W13),0))) -> 1 | GZ13: =IF(AND(OR(X13="",X13=0),OR(DL13="",DL13=0)),"", MIN(1.2, IFERROR(DL13/IF(OR(X13="",X13=0),1,X13),0))) -> 1 | HA13: =IF(AND(OR(Y13="",Y13=0),OR(DM13="",DM13=0)),"", MIN(1.2, IFERROR(DM13/IF(OR(Y13="",Y13=0),1,Y13),0))) -> 1 | HB13: =IF(AND(OR(Z13="",Z13=0),OR(DN13="",DN13=0)),"", MIN(1.2, IFERROR(DN13/IF(OR(Z13="",Z13=0),1,Z13),0))) -> 1 | ... KG13: =IF(AND(OR(DE13="",DE13=0),OR(GS13="",GS13=0)),"", MIN(1.2, IFERROR(GS13/IF(OR(DE13="",DE13=0),1,DE13),0))) -> 1
B14: 7 | C14: METHOD | D14: Temuan P2H tidak tertutup karena tidak ada SLA, prioritas risiko, dan verifikasi closing. | E14: Quick Action | F14: Buat register temuan P2H dengan klasifikasi A/B/C, SLA, PIC, evidence, dan verifikasi closing. | G14: GS-PLANT | H14: 46188 | I14: 46206 | J14: =(I14-H14)+1 -> 19 | M14: =IF(AND(K14=0,L14=0),"No Progress",IF(Tbl_SM[[#This Row],[ACTUAL START]]="",0,IF(L14-K14<0,"On Progress",L14-K14))) -> No Progress | N14: =IF(Tbl_SM[[#This Row],[PLAN START]]="","", IF(Tbl_SM[[#This Row],[ACTUAL FINISH]]<>"","CLOSE", IF(Tbl_SM[[#This Row],[ACTUAL START]]<>"","ON PROGRESS", "OPEN"))) -> OPEN | O14: =IF(Tbl_SM[[#This Row],[PLAN START]]="","", IF(Tbl_SM[[#This Row],[ACTUAL FINISH]]<>"","CLOSE", IF(TODAY()>Tbl_SM[[#This Row],[DUE DATA]],"OVERDUE", IF((Tbl_SM[[#This Row],[DUE DATA]]-TODAY())<=3,"< 3 HARI", IF((Tbl_SM[[#This Row],[DUE DATA]]-TODAY())<=7,"< 7 HARI", IF((Tbl_SM[[#This Row],[DUE DATA]]-TODAY())<=14,"< 14 HARI", "> 14 HARI")))))) -> > 14 HARI | P14: =IF(SUM(S14:AW14)=0,"",IFERROR(MAX(DG14:EK14),"")) -> 0.52666667 | Q14: =IF(Tbl_SM[[#This Row],[STATUS]]="CLOSE",1,0) -> 0 | S14: 0.05 | T14: 0.08 | U14: 0.1 | V14: 0.12666667 | W14: 0.15166667 | X14: 0.17666667 | Y14: 0.20166667 | Z14: 0.22666667 | AA14: 0.25166667 | AB14: 0.27666667 | AC14: 0.30166667 | AD14: 0.32666667 | AE14: 0.35166667 | AF14: 0.37666667 | AG14: 0.40166667 | AH14: 0.42666667 | AI14: 0.45166667 | AJ14: 0.47666667 | AK14: 0.50166667 | AL14: 0.50166667 | AM14: 0.50166667 | AN14: 0.50166667 | AO14: 0.50166667 | AP14: 0.50166667 | AQ14: 0.50166667 | AR14: 0.50166667 | AS14: 0.50166667 | AT14: 0.50166667 | AU14: 0.51 | AV14: 0.51833333 | AW14: 0.52666667 | AX14: 0.535 | AY14: 0.54333333 | AZ14: 0.55166667 | BA14: 0.56 | BB14: 0.56833333 | BC14: 0.6 | BD14: 0.63 | BE14: 0.66 | BF14: 0.69 | BG14: 0.72 | BH14: 0.75 | BI14: 0.78 | BJ14: 0.81 | BK14: 0.84 | BL14: 0.87 | BM14: 0.9 | BN14: 0.93 | BO14: 0.96 | BP14: 0.99 | BQ14: 1 | BR14: 1 | BS14: 1 | BT14: 1 | BU14: 1 | BV14: 1 | BW14: 1 | BX14: 1 | BY14: 1 | BZ14: 1 | CA14: 1 | CB14: 1 | CC14: 1 | CD14: 1 | CE14: 1 | CF14: 1 | CG14: 1 | CH14: 1 | CI14: 1 | CJ14: 1 | CK14: 1 | CL14: 1 | CM14: 1 | CN14: 1 | CO14: 1 | CP14: 1 | CQ14: 1 | CR14: 1 | CS14: 1 | CT14: 1 | CU14: 1 | CV14: 1 | CW14: 1 | CX14: 1 | CY14: 1 | CZ14: 1 | DA14: 1 | DB14: 1 | DC14: 1 | DD14: 1 | DE14: 1 | DG14: 0.05 | DH14: 0.08 | DI14: 0.1 | DJ14: 0.12666667 | DK14: 0.15166667 | DL14: 0.17666667 | DM14: 0.20166667 | DN14: 0.22666667 | DO14: 0.25166667 | DP14: 0.27666667 | DQ14: 0.30166667 | DR14: 0.32666667 | DS14: 0.35166667 | DT14: 0.37666667 | DU14: 0.40166667 | DV14: 0.42666667 | DW14: 0.45166667 | DX14: 0.47666667 | DY14: 0.50166667 | DZ14: 0.50166667 | EA14: 0.50166667 | EB14: 0.50166667 | EC14: 0.50166667 | ED14: 0.50166667 | EE14: 0.50166667 | EF14: 0.50166667 | EG14: 0.50166667 | EH14: 0.50166667 | EI14: 0.51 | EJ14: 0.51833333 | EK14: 0.52666667 | EL14: 0.535 | EM14: 0.54333333 | EN14: 0.55166667 | EO14: 0.56 | EP14: 0.56833333 | EQ14: 0.6 | ER14: 0.63 | ES14: 0.66 | ET14: 0.69 | EU14: 0.72 | EV14: 0.75 | EW14: 0.78 | EX14: 0.81 | EY14: 0.84 | EZ14: 0.87 | FA14: 0.9 | FB14: 0.93 | FC14: 0.96 | FD14: 0.99 | FE14: 1 | FF14: 1 | FG14: 1 | FH14: 1 | FI14: 1 | FJ14: 1 | FK14: 1 | FL14: 1 | FM14: 1 | FN14: 1 | FO14: 1 | FP14: 1 | FQ14: 1 | FR14: 1 | FS14: 1 | FT14: 1 | FU14: 1 | FV14: 1 | FW14: 1 | FX14: 1 | FY14: 1 | FZ14: 1 | GA14: 1 | GB14: 1 | GC14: 1 | GD14: 1 | GE14: 1 | GF14: 1 | GG14: 1 | GH14: 1 | GI14: 1 | GJ14: 1 | GK14: 1 | GL14: 1 | GM14: 1 | GN14: 1 | GO14: 1 | GP14: 1 | GQ14: 1 | GR14: 1 | GS14: 1 | GU14: =IF(AND(OR(S14="",S14=0),OR(DG14="",DG14=0)),"", MIN(1.2, IFERROR(DG14/IF(OR(S14="",S14=0),1,S14),0))) -> 1 | GV14: =IF(AND(OR(T14="",T14=0),OR(DH14="",DH14=0)),"", MIN(1.2, IFERROR(DH14/IF(OR(T14="",T14=0),1,T14),0))) -> 1 | GW14: =IF(AND(OR(U14="",U14=0),OR(DI14="",DI14=0)),"", MIN(1.2, IFERROR(DI14/IF(OR(U14="",U14=0),1,U14),0))) -> 1 | GX14: =IF(AND(OR(V14="",V14=0),OR(DJ14="",DJ14=0)),"", MIN(1.2, IFERROR(DJ14/IF(OR(V14="",V14=0),1,V14),0))) -> 1 | GY14: =IF(AND(OR(W14="",W14=0),OR(DK14="",DK14=0)),"", MIN(1.2, IFERROR(DK14/IF(OR(W14="",W14=0),1,W14),0))) -> 1 | GZ14: =IF(AND(OR(X14="",X14=0),OR(DL14="",DL14=0)),"", MIN(1.2, IFERROR(DL14/IF(OR(X14="",X14=0),1,X14),0))) -> 1 | HA14: =IF(AND(OR(Y14="",Y14=0),OR(DM14="",DM14=0)),"", MIN(1.2, IFERROR(DM14/IF(OR(Y14="",Y14=0),1,Y14),0))) -> 1 | HB14: =IF(AND(OR(Z14="",Z14=0),OR(DN14="",DN14=0)),"", MIN(1.2, IFERROR(DN14/IF(OR(Z14="",Z14=0),1,Z14),0))) -> 1 | ... KG14: =IF(AND(OR(DE14="",DE14=0),OR(GS14="",GS14=0)),"", MIN(1.2, IFERROR(GS14/IF(OR(DE14="",DE14=0),1,DE14),0))) -> 1
B15: 8 | C15: METHOD | D15: PM check tidak efektif karena hanya fokus penggantian periodik, belum berbasis kondisi unit. | E15: Long Term / Development | F15: Tambahkan condition-based inspection saat PM: leak, brake, steering, suspension, electrical, tire, dan abnormal noise. | G15: PLANT | H15: 46195 | I15: 46227 | J15: =(I15-H15)+1 -> 33 | M15: =IF(AND(K15=0,L15=0),"No Progress",IF(Tbl_SM[[#This Row],[ACTUAL START]]="",0,IF(L15-K15<0,"On Progress",L15-K15))) -> No Progress | N15: =IF(Tbl_SM[[#This Row],[PLAN START]]="","", IF(Tbl_SM[[#This Row],[ACTUAL FINISH]]<>"","CLOSE", IF(Tbl_SM[[#This Row],[ACTUAL START]]<>"","ON PROGRESS", "OPEN"))) -> OPEN | O15: =IF(Tbl_SM[[#This Row],[PLAN START]]="","", IF(Tbl_SM[[#This Row],[ACTUAL FINISH]]<>"","CLOSE", IF(TODAY()>Tbl_SM[[#This Row],[DUE DATA]],"OVERDUE", IF((Tbl_SM[[#This Row],[DUE DATA]]-TODAY())<=3,"< 3 HARI", IF((Tbl_SM[[#This Row],[DUE DATA]]-TODAY())<=7,"< 7 HARI", IF((Tbl_SM[[#This Row],[DUE DATA]]-TODAY())<=14,"< 14 HARI", "> 14 HARI")))))) -> > 14 HARI | P15: =IF(SUM(S15:AW15)=0,"",IFERROR(MAX(DG15:EK15),"")) -> 0.52666667 | Q15: =IF(Tbl_SM[[#This Row],[STATUS]]="CLOSE",1,0) -> 0 | S15: 0.05 | T15: 0.08 | U15: 0.1 | V15: 0.12666667 | W15: 0.15166667 | X15: 0.17666667 | Y15: 0.20166667 | Z15: 0.22666667 | AA15: 0.25166667 | AB15: 0.27666667 | AC15: 0.30166667 | AD15: 0.32666667 | AE15: 0.35166667 | AF15: 0.37666667 | AG15: 0.40166667 | AH15: 0.42666667 | AI15: 0.45166667 | AJ15: 0.47666667 | AK15: 0.50166667 | AL15: 0.50166667 | AM15: 0.50166667 | AN15: 0.50166667 | AO15: 0.50166667 | AP15: 0.50166667 | AQ15: 0.50166667 | AR15: 0.50166667 | AS15: 0.50166667 | AT15: 0.50166667 | AU15: 0.51 | AV15: 0.51833333 | AW15: 0.52666667 | AX15: 0.535 | AY15: 0.54333333 | AZ15: 0.55166667 | BA15: 0.56 | BB15: 0.56833333 | BC15: 0.6 | BD15: 0.63 | BE15: 0.66 | BF15: 0.69 | BG15: 0.72 | BH15: 0.75 | BI15: 0.78 | BJ15: 0.81 | BK15: 0.84 | BL15: 0.87 | BM15: 0.9 | BN15: 0.93 | BO15: 0.96 | BP15: 0.99 | BQ15: 1 | BR15: 1 | BS15: 1 | BT15: 1 | BU15: 1 | BV15: 1 | BW15: 1 | BX15: 1 | BY15: 1 | BZ15: 1 | CA15: 1 | CB15: 1 | CC15: 1 | CD15: 1 | CE15: 1 | CF15: 1 | CG15: 1 | CH15: 1 | CI15: 1 | CJ15: 1 | CK15: 1 | CL15: 1 | CM15: 1 | CN15: 1 | CO15: 1 | CP15: 1 | CQ15: 1 | CR15: 1 | CS15: 1 | CT15: 1 | CU15: 1 | CV15: 1 | CW15: 1 | CX15: 1 | CY15: 1 | CZ15: 1 | DA15: 1 | DB15: 1 | DC15: 1 | DD15: 1 | DE15: 1 | DG15: 0.05 | DH15: 0.08 | DI15: 0.1 | DJ15: 0.12666667 | DK15: 0.15166667 | DL15: 0.17666667 | DM15: 0.20166667 | DN15: 0.22666667 | DO15: 0.25166667 | DP15: 0.27666667 | DQ15: 0.30166667 | DR15: 0.32666667 | DS15: 0.35166667 | DT15: 0.37666667 | DU15: 0.40166667 | DV15: 0.42666667 | DW15: 0.45166667 | DX15: 0.47666667 | DY15: 0.50166667 | DZ15: 0.50166667 | EA15: 0.50166667 | EB15: 0.50166667 | EC15: 0.50166667 | ED15: 0.50166667 | EE15: 0.50166667 | EF15: 0.50166667 | EG15: 0.50166667 | EH15: 0.50166667 | EI15: 0.51 | EJ15: 0.51833333 | EK15: 0.52666667 | EL15: 0.535 | EM15: 0.54333333 | EN15: 0.55166667 | EO15: 0.56 | EP15: 0.56833333 | EQ15: 0.6 | ER15: 0.63 | ES15: 0.66 | ET15: 0.69 | EU15: 0.72 | EV15: 0.75 | EW15: 0.78 | EX15: 0.81 | EY15: 0.84 | EZ15: 0.87 | FA15: 0.9 | FB15: 0.93 | FC15: 0.96 | FD15: 0.99 | FE15: 1 | FF15: 1 | FG15: 1 | FH15: 1 | FI15: 1 | FJ15: 1 | FK15: 1 | FL15: 1 | FM15: 1 | FN15: 1 | FO15: 1 | FP15: 1 | FQ15: 1 | FR15: 1 | FS15: 1 | FT15: 1 | FU15: 1 | FV15: 1 | FW15: 1 | FX15: 1 | FY15: 1 | FZ15: 1 | GA15: 1 | GB15: 1 | GC15: 1 | GD15: 1 | GE15: 1 | GF15: 1 | GG15: 1 | GH15: 1 | GI15: 1 | GJ15: 1 | GK15: 1 | GL15: 1 | GM15: 1 | GN15: 1 | GO15: 1 | GP15: 1 | GQ15: 1 | GR15: 1 | GS15: 1 | GU15: =IF(AND(OR(S15="",S15=0),OR(DG15="",DG15=0)),"", MIN(1.2, IFERROR(DG15/IF(OR(S15="",S15=0),1,S15),0))) -> 1 | GV15: =IF(AND(OR(T15="",T15=0),OR(DH15="",DH15=0)),"", MIN(1.2, IFERROR(DH15/IF(OR(T15="",T15=0),1,T15),0))) -> 1 | GW15: =IF(AND(OR(U15="",U15=0),OR(DI15="",DI15=0)),"", MIN(1.2, IFERROR(DI15/IF(OR(U15="",U15=0),1,U15),0))) -> 1 | GX15: =IF(AND(OR(V15="",V15=0),OR(DJ15="",DJ15=0)),"", MIN(1.2, IFERROR(DJ15/IF(OR(V15="",V15=0),1,V15),0))) -> 1 | GY15: =IF(AND(OR(W15="",W15=0),OR(DK15="",DK15=0)),"", MIN(1.2, IFERROR(DK15/IF(OR(W15="",W15=0),1,W15),0))) -> 1 | GZ15: =IF(AND(OR(X15="",X15=0),OR(DL15="",DL15=0)),"", MIN(1.2, IFERROR(DL15/IF(OR(X15="",X15=0),1,X15),0))) -> 1 | HA15: =IF(AND(OR(Y15="",Y15=0),OR(DM15="",DM15=0)),"", MIN(1.2, IFERROR(DM15/IF(OR(Y15="",Y15=0),1,Y15),0))) -> 1 | HB15: =IF(AND(OR(Z15="",Z15=0),OR(DN15="",DN15=0)),"", MIN(1.2, IFERROR(DN15/IF(OR(Z15="",Z15=0),1,Z15),0))) -> 1 | ... KG15: =IF(AND(OR(DE15="",DE15=0),OR(GS15="",GS15=0)),"", MIN(1.2, IFERROR(GS15/IF(OR(DE15="",DE15=0),1,DE15),0))) -> 1
B16: 9 | C16: METHOD | D16: Tidak ada inspeksi menyeluruh sehingga kerusakan laten baru diketahui saat breakdown. | E16: Quick Action | F16: Laksanakan baseline comprehensive inspection seluruh LV dan keluarkan health score serta repair recommendation. | G16: GS-PLANT-SHE | H16: 46183 | I16: 46213 | J16: =(I16-H16)+1 -> 31 | M16: =IF(AND(K16=0,L16=0),"No Progress",IF(Tbl_SM[[#This Row],[ACTUAL START]]="",0,IF(L16-K16<0,"On Progress",L16-K16))) -> No Progress | N16: =IF(Tbl_SM[[#This Row],[PLAN START]]="","", IF(Tbl_SM[[#This Row],[ACTUAL FINISH]]<>"","CLOSE", IF(Tbl_SM[[#This Row],[ACTUAL START]]<>"","ON PROGRESS", "OPEN"))) -> OPEN | O16: =IF(Tbl_SM[[#This Row],[PLAN START]]="","", IF(Tbl_SM[[#This Row],[ACTUAL FINISH]]<>"","CLOSE", IF(TODAY()>Tbl_SM[[#This Row],[DUE DATA]],"OVERDUE", IF((Tbl_SM[[#This Row],[DUE DATA]]-TODAY())<=3,"< 3 HARI", IF((Tbl_SM[[#This Row],[DUE DATA]]-TODAY())<=7,"< 7 HARI", IF((Tbl_SM[[#This Row],[DUE DATA]]-TODAY())<=14,"< 14 HARI", "> 14 HARI")))))) -> > 14 HARI | P16: =IF(SUM(S16:AW16)=0,"",IFERROR(MAX(DG16:EK16),"")) -> 0.52666667 | Q16: =IF(Tbl_SM[[#This Row],[STATUS]]="CLOSE",1,0) -> 0 | S16: 0.05 | T16: 0.08 | U16: 0.1 | V16: 0.12666667 | W16: 0.15166667 | X16: 0.17666667 | Y16: 0.20166667 | Z16: 0.22666667 | AA16: 0.25166667 | AB16: 0.27666667 | AC16: 0.30166667 | AD16: 0.32666667 | AE16: 0.35166667 | AF16: 0.37666667 | AG16: 0.40166667 | AH16: 0.42666667 | AI16: 0.45166667 | AJ16: 0.47666667 | AK16: 0.50166667 | AL16: 0.50166667 | AM16: 0.50166667 | AN16: 0.50166667 | AO16: 0.50166667 | AP16: 0.50166667 | AQ16: 0.50166667 | AR16: 0.50166667 | AS16: 0.50166667 | AT16: 0.50166667 | AU16: 0.51 | AV16: 0.51833333 | AW16: 0.52666667 | AX16: 0.535 | AY16: 0.54333333 | AZ16: 0.55166667 | BA16: 0.56 | BB16: 0.56833333 | BC16: 0.6 | BD16: 0.63 | BE16: 0.66 | BF16: 0.69 | BG16: 0.72 | BH16: 0.75 | BI16: 0.78 | BJ16: 0.81 | BK16: 0.84 | BL16: 0.87 | BM16: 0.9 | BN16: 0.93 | BO16: 0.96 | BP16: 0.99 | BQ16: 1 | BR16: 1 | BS16: 1 | BT16: 1 | BU16: 1 | BV16: 1 | BW16: 1 | BX16: 1 | BY16: 1 | BZ16: 1 | CA16: 1 | CB16: 1 | CC16: 1 | CD16: 1 | CE16: 1 | CF16: 1 | CG16: 1 | CH16: 1 | CI16: 1 | CJ16: 1 | CK16: 1 | CL16: 1 | CM16: 1 | CN16: 1 | CO16: 1 | CP16: 1 | CQ16: 1 | CR16: 1 | CS16: 1 | CT16: 1 | CU16: 1 | CV16: 1 | CW16: 1 | CX16: 1 | CY16: 1 | CZ16: 1 | DA16: 1 | DB16: 1 | DC16: 1 | DD16: 1 | DE16: 1 | DG16: 0.05 | DH16: 0.08 | DI16: 0.1 | DJ16: 0.12666667 | DK16: 0.15166667 | DL16: 0.17666667 | DM16: 0.20166667 | DN16: 0.22666667 | DO16: 0.25166667 | DP16: 0.27666667 | DQ16: 0.30166667 | DR16: 0.32666667 | DS16: 0.35166667 | DT16: 0.37666667 | DU16: 0.40166667 | DV16: 0.42666667 | DW16: 0.45166667 | DX16: 0.47666667 | DY16: 0.50166667 | DZ16: 0.50166667 | EA16: 0.50166667 | EB16: 0.50166667 | EC16: 0.50166667 | ED16: 0.50166667 | EE16: 0.50166667 | EF16: 0.50166667 | EG16: 0.50166667 | EH16: 0.50166667 | EI16: 0.51 | EJ16: 0.51833333 | EK16: 0.52666667 | EL16: 0.535 | EM16: 0.54333333 | EN16: 0.55166667 | EO16: 0.56 | EP16: 0.56833333 | EQ16: 0.6 | ER16: 0.63 | ES16: 0.66 | ET16: 0.69 | EU16: 0.72 | EV16: 0.75 | EW16: 0.78 | EX16: 0.81 | EY16: 0.84 | EZ16: 0.87 | FA16: 0.9 | FB16: 0.93 | FC16: 0.96 | FD16: 0.99 | FE16: 1 | FF16: 1 | FG16: 1 | FH16: 1 | FI16: 1 | FJ16: 1 | FK16: 1 | FL16: 1 | FM16: 1 | FN16: 1 | FO16: 1 | FP16: 1 | FQ16: 1 | FR16: 1 | FS16: 1 | FT16: 1 | FU16: 1 | FV16: 1 | FW16: 1 | FX16: 1 | FY16: 1 | FZ16: 1 | GA16: 1 | GB16: 1 | GC16: 1 | GD16: 1 | GE16: 1 | GF16: 1 | GG16: 1 | GH16: 1 | GI16: 1 | GJ16: 1 | GK16: 1 | GL16: 1 | GM16: 1 | GN16: 1 | GO16: 1 | GP16: 1 | GQ16: 1 | GR16: 1 | GS16: 1 | GU16: =IF(AND(OR(S16="",S16=0),OR(DG16="",DG16=0)),"", MIN(1.2, IFERROR(DG16/IF(OR(S16="",S16=0),1,S16),0))) -> 1 | GV16: =IF(AND(OR(T16="",T16=0),OR(DH16="",DH16=0)),"", MIN(1.2, IFERROR(DH16/IF(OR(T16="",T16=0),1,T16),0))) -> 1 | GW16: =IF(AND(OR(U16="",U16=0),OR(DI16="",DI16=0)),"", MIN(1.2, IFERROR(DI16/IF(OR(U16="",U16=0),1,U16),0))) -> 1 | GX16: =IF(AND(OR(V16="",V16=0),OR(DJ16="",DJ16=0)),"", MIN(1.2, IFERROR(DJ16/IF(OR(V16="",V16=0),1,V16),0))) -> 1 | GY16: =IF(AND(OR(W16="",W16=0),OR(DK16="",DK16=0)),"", MIN(1.2, IFERROR(DK16/IF(OR(W16="",W16=0),1,W16),0))) -> 1 | GZ16: =IF(AND(OR(X16="",X16=0),OR(DL16="",DL16=0)),"", MIN(1.2, IFERROR(DL16/IF(OR(X16="",X16=0),1,X16),0))) -> 1 | HA16: =IF(AND(OR(Y16="",Y16=0),OR(DM16="",DM16=0)),"", MIN(1.2, IFERROR(DM16/IF(OR(Y16="",Y16=0),1,Y16),0))) -> 1 | HB16: =IF(AND(OR(Z16="",Z16=0),OR(DN16="",DN16=0)),"", MIN(1.2, IFERROR(DN16/IF(OR(Z16="",Z16=0),1,Z16),0))) -> 1 | ... KG16: =IF(AND(OR(DE16="",DE16=0),OR(GS16="",GS16=0)),"", MIN(1.2, IFERROR(GS16/IF(OR(DE16="",DE16=0),1,DE16),0))) -> 1
B17: 10 | C17: METHOD | D17: Lead time repair panjang karena tidak ada jalur eskalasi berdasarkan aging. | E17: Long Term / Development | F17: Terapkan SOP eskalasi repair >24 jam, >3 hari, >7 hari dengan kebutuhan keputusan yang jelas. | G17: GS-PLANT-LOG | H17: 46204 | I17: 46234 | J17: =(I17-H17)+1 -> 31 | M17: =IF(AND(K17=0,L17=0),"No Progress",IF(Tbl_SM[[#This Row],[ACTUAL START]]="",0,IF(L17-K17<0,"On Progress",L17-K17))) -> No Progress | N17: =IF(Tbl_SM[[#This Row],[PLAN START]]="","", IF(Tbl_SM[[#This Row],[ACTUAL FINISH]]<>"","CLOSE", IF(Tbl_SM[[#This Row],[ACTUAL START]]<>"","ON PROGRESS", "OPEN"))) -> OPEN | O17: =IF(Tbl_SM[[#This Row],[PLAN START]]="","", IF(Tbl_SM[[#This Row],[ACTUAL FINISH]]<>"","CLOSE", IF(TODAY()>Tbl_SM[[#This Row],[DUE DATA]],"OVERDUE", IF((Tbl_SM[[#This Row],[DUE DATA]]-TODAY())<=3,"< 3 HARI", IF((Tbl_SM[[#This Row],[DUE DATA]]-TODAY())<=7,"< 7 HARI", IF((Tbl_SM[[#This Row],[DUE DATA]]-TODAY())<=14,"< 14 HARI", "> 14 HARI")))))) -> > 14 HARI | P17: =IF(SUM(S17:AW17)=0,"",IFERROR(MAX(DG17:EK17),"")) -> 0.52666667 | Q17: =IF(Tbl_SM[[#This Row],[STATUS]]="CLOSE",1,0) -> 0 | S17: 0.05 | T17: 0.08 | U17: 0.1 | V17: 0.12666667 | W17: 0.15166667 | X17: 0.17666667 | Y17: 0.20166667 | Z17: 0.22666667 | AA17: 0.25166667 | AB17: 0.27666667 | AC17: 0.30166667 | AD17: 0.32666667 | AE17: 0.35166667 | AF17: 0.37666667 | AG17: 0.40166667 | AH17: 0.42666667 | AI17: 0.45166667 | AJ17: 0.47666667 | AK17: 0.50166667 | AL17: 0.50166667 | AM17: 0.50166667 | AN17: 0.50166667 | AO17: 0.50166667 | AP17: 0.50166667 | AQ17: 0.50166667 | AR17: 0.50166667 | AS17: 0.50166667 | AT17: 0.50166667 | AU17: 0.51 | AV17: 0.51833333 | AW17: 0.52666667 | AX17: 0.535 | AY17: 0.54333333 | AZ17: 0.55166667 | BA17: 0.56 | BB17: 0.56833333 | BC17: 0.6 | BD17: 0.63 | BE17: 0.66 | BF17: 0.69 | BG17: 0.72 | BH17: 0.75 | BI17: 0.78 | BJ17: 0.81 | BK17: 0.84 | BL17: 0.87 | BM17: 0.9 | BN17: 0.93 | BO17: 0.96 | BP17: 0.99 | BQ17: 1 | BR17: 1 | BS17: 1 | BT17: 1 | BU17: 1 | BV17: 1 | BW17: 1 | BX17: 1 | BY17: 1 | BZ17: 1 | CA17: 1 | CB17: 1 | CC17: 1 | CD17: 1 | CE17: 1 | CF17: 1 | CG17: 1 | CH17: 1 | CI17: 1 | CJ17: 1 | CK17: 1 | CL17: 1 | CM17: 1 | CN17: 1 | CO17: 1 | CP17: 1 | CQ17: 1 | CR17: 1 | CS17: 1 | CT17: 1 | CU17: 1 | CV17: 1 | CW17: 1 | CX17: 1 | CY17: 1 | CZ17: 1 | DA17: 1 | DB17: 1 | DC17: 1 | DD17: 1 | DE17: 1 | DG17: 0.05 | DH17: 0.08 | DI17: 0.1 | DJ17: 0.12666667 | DK17: 0.15166667 | DL17: 0.17666667 | DM17: 0.20166667 | DN17: 0.22666667 | DO17: 0.25166667 | DP17: 0.27666667 | DQ17: 0.30166667 | DR17: 0.32666667 | DS17: 0.35166667 | DT17: 0.37666667 | DU17: 0.40166667 | DV17: 0.42666667 | DW17: 0.45166667 | DX17: 0.47666667 | DY17: 0.50166667 | DZ17: 0.50166667 | EA17: 0.50166667 | EB17: 0.50166667 | EC17: 0.50166667 | ED17: 0.50166667 | EE17: 0.50166667 | EF17: 0.50166667 | EG17: 0.50166667 | EH17: 0.50166667 | EI17: 0.51 | EJ17: 0.51833333 | EK17: 0.52666667 | EL17: 0.535 | EM17: 0.54333333 | EN17: 0.55166667 | EO17: 0.56 | EP17: 0.56833333 | EQ17: 0.6 | ER17: 0.63 | ES17: 0.66 | ET17: 0.69 | EU17: 0.72 | EV17: 0.75 | EW17: 0.78 | EX17: 0.81 | EY17: 0.84 | EZ17: 0.87 | FA17: 0.9 | FB17: 0.93 | FC17: 0.96 | FD17: 0.99 | FE17: 1 | FF17: 1 | FG17: 1 | FH17: 1 | FI17: 1 | FJ17: 1 | FK17: 1 | FL17: 1 | FM17: 1 | FN17: 1 | FO17: 1 | FP17: 1 | FQ17: 1 | FR17: 1 | FS17: 1 | FT17: 1 | FU17: 1 | FV17: 1 | FW17: 1 | FX17: 1 | FY17: 1 | FZ17: 1 | GA17: 1 | GB17: 1 | GC17: 1 | GD17: 1 | GE17: 1 | GF17: 1 | GG17: 1 | GH17: 1 | GI17: 1 | GJ17: 1 | GK17: 1 | GL17: 1 | GM17: 1 | GN17: 1 | GO17: 1 | GP17: 1 | GQ17: 1 | GR17: 1 | GS17: 1 | GU17: =IF(AND(OR(S17="",S17=0),OR(DG17="",DG17=0)),"", MIN(1.2, IFERROR(DG17/IF(OR(S17="",S17=0),1,S17),0))) -> 1 | GV17: =IF(AND(OR(T17="",T17=0),OR(DH17="",DH17=0)),"", MIN(1.2, IFERROR(DH17/IF(OR(T17="",T17=0),1,T17),0))) -> 1 | GW17: =IF(AND(OR(U17="",U17=0),OR(DI17="",DI17=0)),"", MIN(1.2, IFERROR(DI17/IF(OR(U17="",U17=0),1,U17),0))) -> 1 | GX17: =IF(AND(OR(V17="",V17=0),OR(DJ17="",DJ17=0)),"", MIN(1.2, IFERROR(DJ17/IF(OR(V17="",V17=0),1,V17),0))) -> 1 | GY17: =IF(AND(OR(W17="",W17=0),OR(DK17="",DK17=0)),"", MIN(1.2, IFERROR(DK17/IF(OR(W17="",W17=0),1,W17),0))) -> 1 | GZ17: =IF(AND(OR(X17="",X17=0),OR(DL17="",DL17=0)),"", MIN(1.2, IFERROR(DL17/IF(OR(X17="",X17=0),1,X17),0))) -> 1 | HA17: =IF(AND(OR(Y17="",Y17=0),OR(DM17="",DM17=0)),"", MIN(1.2, IFERROR(DM17/IF(OR(Y17="",Y17=0),1,Y17),0))) -> 1 | HB17: =IF(AND(OR(Z17="",Z17=0),OR(DN17="",DN17=0)),"", MIN(1.2, IFERROR(DN17/IF(OR(Z17="",Z17=0),1,Z17),0))) -> 1 | ... KG17: =IF(AND(OR(DE17="",DE17=0),OR(GS17="",GS17=0)),"", MIN(1.2, IFERROR(GS17/IF(OR(DE17="",DE17=0),1,DE17),0))) -> 1
B18: 11 | C18: METHOD | D18: Jadwal PM bentrok dengan kebutuhan operasi sehingga PM tertunda. | E18: Quick Action | F18: Susun weekly maintenance window dan koordinasi unit replacement dengan user. | G18: GS-PLANT-USER | H18: 46188 | I18: 46199 | J18: =(I18-H18)+1 -> 12 | M18: =IF(AND(K18=0,L18=0),"No Progress",IF(Tbl_SM[[#This Row],[ACTUAL START]]="",0,IF(L18-K18<0,"On Progress",L18-K18))) -> No Progress | N18: =IF(Tbl_SM[[#This Row],[PLAN START]]="","", IF(Tbl_SM[[#This Row],[ACTUAL FINISH]]<>"","CLOSE", IF(Tbl_SM[[#This Row],[ACTUAL START]]<>"","ON PROGRESS", "OPEN"))) -> OPEN | O18: =IF(Tbl_SM[[#This Row],[PLAN START]]="","", IF(Tbl_SM[[#This Row],[ACTUAL FINISH]]<>"","CLOSE", IF(TODAY()>Tbl_SM[[#This Row],[DUE DATA]],"OVERDUE", IF((Tbl_SM[[#This Row],[DUE DATA]]-TODAY())<=3,"< 3 HARI", IF((Tbl_SM[[#This Row],[DUE DATA]]-TODAY())<=7,"< 7 HARI", IF((Tbl_SM[[#This Row],[DUE DATA]]-TODAY())<=14,"< 14 HARI", "> 14 HARI")))))) -> > 14 HARI | P18: =IF(SUM(S18:AW18)=0,"",IFERROR(MAX(DG18:EK18),"")) -> 0.52666667 | Q18: =IF(Tbl_SM[[#This Row],[STATUS]]="CLOSE",1,0) -> 0 | S18: 0.05 | T18: 0.08 | U18: 0.1 | V18: 0.12666667 | W18: 0.15166667 | X18: 0.17666667 | Y18: 0.20166667 | Z18: 0.22666667 | AA18: 0.25166667 | AB18: 0.27666667 | AC18: 0.30166667 | AD18: 0.32666667 | AE18: 0.35166667 | AF18: 0.37666667 | AG18: 0.40166667 | AH18: 0.42666667 | AI18: 0.45166667 | AJ18: 0.47666667 | AK18: 0.50166667 | AL18: 0.50166667 | AM18: 0.50166667 | AN18: 0.50166667 | AO18: 0.50166667 | AP18: 0.50166667 | AQ18: 0.50166667 | AR18: 0.50166667 | AS18: 0.50166667 | AT18: 0.50166667 | AU18: 0.51 | AV18: 0.51833333 | AW18: 0.52666667 | AX18: 0.535 | AY18: 0.54333333 | AZ18: 0.55166667 | BA18: 0.56 | BB18: 0.56833333 | BC18: 0.6 | BD18: 0.63 | BE18: 0.66 | BF18: 0.69 | BG18: 0.72 | BH18: 0.75 | BI18: 0.78 | BJ18: 0.81 | BK18: 0.84 | BL18: 0.87 | BM18: 0.9 | BN18: 0.93 | BO18: 0.96 | BP18: 0.99 | BQ18: 1 | BR18: 1 | BS18: 1 | BT18: 1 | BU18: 1 | BV18: 1 | BW18: 1 | BX18: 1 | BY18: 1 | BZ18: 1 | CA18: 1 | CB18: 1 | CC18: 1 | CD18: 1 | CE18: 1 | CF18: 1 | CG18: 1 | CH18: 1 | CI18: 1 | CJ18: 1 | CK18: 1 | CL18: 1 | CM18: 1 | CN18: 1 | CO18: 1 | CP18: 1 | CQ18: 1 | CR18: 1 | CS18: 1 | CT18: 1 | CU18: 1 | CV18: 1 | CW18: 1 | CX18: 1 | CY18: 1 | CZ18: 1 | DA18: 1 | DB18: 1 | DC18: 1 | DD18: 1 | DE18: 1 | DG18: 0.05 | DH18: 0.08 | DI18: 0.1 | DJ18: 0.12666667 | DK18: 0.15166667 | DL18: 0.17666667 | DM18: 0.20166667 | DN18: 0.22666667 | DO18: 0.25166667 | DP18: 0.27666667 | DQ18: 0.30166667 | DR18: 0.32666667 | DS18: 0.35166667 | DT18: 0.37666667 | DU18: 0.40166667 | DV18: 0.42666667 | DW18: 0.45166667 | DX18: 0.47666667 | DY18: 0.50166667 | DZ18: 0.50166667 | EA18: 0.50166667 | EB18: 0.50166667 | EC18: 0.50166667 | ED18: 0.50166667 | EE18: 0.50166667 | EF18: 0.50166667 | EG18: 0.50166667 | EH18: 0.50166667 | EI18: 0.51 | EJ18: 0.51833333 | EK18: 0.52666667 | EL18: 0.535 | EM18: 0.54333333 | EN18: 0.55166667 | EO18: 0.56 | EP18: 0.56833333 | EQ18: 0.6 | ER18: 0.63 | ES18: 0.66 | ET18: 0.69 | EU18: 0.72 | EV18: 0.75 | EW18: 0.78 | EX18: 0.81 | EY18: 0.84 | EZ18: 0.87 | FA18: 0.9 | FB18: 0.93 | FC18: 0.96 | FD18: 0.99 | FE18: 1 | FF18: 1 | FG18: 1 | FH18: 1 | FI18: 1 | FJ18: 1 | FK18: 1 | FL18: 1 | FM18: 1 | FN18: 1 | FO18: 1 | FP18: 1 | FQ18: 1 | FR18: 1 | FS18: 1 | FT18: 1 | FU18: 1 | FV18: 1 | FW18: 1 | FX18: 1 | FY18: 1 | FZ18: 1 | GA18: 1 | GB18: 1 | GC18: 1 | GD18: 1 | GE18: 1 | GF18: 1 | GG18: 1 | GH18: 1 | GI18: 1 | GJ18: 1 | GK18: 1 | GL18: 1 | GM18: 1 | GN18: 1 | GO18: 1 | GP18: 1 | GQ18: 1 | GR18: 1 | GS18: 1 | GU18: =IF(AND(OR(S18="",S18=0),OR(DG18="",DG18=0)),"", MIN(1.2, IFERROR(DG18/IF(OR(S18="",S18=0),1,S18),0))) -> 1 | GV18: =IF(AND(OR(T18="",T18=0),OR(DH18="",DH18=0)),"", MIN(1.2, IFERROR(DH18/IF(OR(T18="",T18=0),1,T18),0))) -> 1 | GW18: =IF(AND(OR(U18="",U18=0),OR(DI18="",DI18=0)),"", MIN(1.2, IFERROR(DI18/IF(OR(U18="",U18=0),1,U18),0))) -> 1 | GX18: =IF(AND(OR(V18="",V18=0),OR(DJ18="",DJ18=0)),"", MIN(1.2, IFERROR(DJ18/IF(OR(V18="",V18=0),1,V18),0))) -> 1 | GY18: =IF(AND(OR(W18="",W18=0),OR(DK18="",DK18=0)),"", MIN(1.2, IFERROR(DK18/IF(OR(W18="",W18=0),1,W18),0))) -> 1 | GZ18: =IF(AND(OR(X18="",X18=0),OR(DL18="",DL18=0)),"", MIN(1.2, IFERROR(DL18/IF(OR(X18="",X18=0),1,X18),0))) -> 1 | HA18: =IF(AND(OR(Y18="",Y18=0),OR(DM18="",DM18=0)),"", MIN(1.2, IFERROR(DM18/IF(OR(Y18="",Y18=0),1,Y18),0))) -> 1 | HB18: =IF(AND(OR(Z18="",Z18=0),OR(DN18="",DN18=0)),"", MIN(1.2, IFERROR(DN18/IF(OR(Z18="",Z18=0),1,Z18),0))) -> 1 | ... KG18: =IF(AND(OR(DE18="",DE18=0),OR(GS18="",GS18=0)),"", MIN(1.2, IFERROR(GS18/IF(OR(DE18="",DE18=0),1,DE18),0))) -> 1
B19: 12 | C19: MACHINE | D19: Sebagian LV memiliki health score rendah akibat usia pakai dan backlog repair. | E19: Quick Action | F19: Mapping health condition: fit, monitor, restricted, stop use; buat recovery plan per unit. | G19: GS-PLANT | H19: 46181 | I19: 46206 | J19: =(I19-H19)+1 -> 26 | M19: =IF(AND(K19=0,L19=0),"No Progress",IF(Tbl_SM[[#This Row],[ACTUAL START]]="",0,IF(L19-K19<0,"On Progress",L19-K19))) -> No Progress | N19: =IF(Tbl_SM[[#This Row],[PLAN START]]="","", IF(Tbl_SM[[#This Row],[ACTUAL FINISH]]<>"","CLOSE", IF(Tbl_SM[[#This Row],[ACTUAL START]]<>"","ON PROGRESS", "OPEN"))) -> OPEN | O19: =IF(Tbl_SM[[#This Row],[PLAN START]]="","", IF(Tbl_SM[[#This Row],[ACTUAL FINISH]]<>"","CLOSE", IF(TODAY()>Tbl_SM[[#This Row],[DUE DATA]],"OVERDUE", IF((Tbl_SM[[#This Row],[DUE DATA]]-TODAY())<=3,"< 3 HARI", IF((Tbl_SM[[#This Row],[DUE DATA]]-TODAY())<=7,"< 7 HARI", IF((Tbl_SM[[#This Row],[DUE DATA]]-TODAY())<=14,"< 14 HARI", "> 14 HARI")))))) -> > 14 HARI | P19: =IF(SUM(S19:AW19)=0,"",IFERROR(MAX(DG19:EK19),"")) -> 0.52666667 | Q19: =IF(Tbl_SM[[#This Row],[STATUS]]="CLOSE",1,0) -> 0 | S19: 0.05 | T19: 0.08 | U19: 0.1 | V19: 0.12666667 | W19: 0.15166667 | X19: 0.17666667 | Y19: 0.20166667 | Z19: 0.22666667 | AA19: 0.25166667 | AB19: 0.27666667 | AC19: 0.30166667 | AD19: 0.32666667 | AE19: 0.35166667 | AF19: 0.37666667 | AG19: 0.40166667 | AH19: 0.42666667 | AI19: 0.45166667 | AJ19: 0.47666667 | AK19: 0.50166667 | AL19: 0.50166667 | AM19: 0.50166667 | AN19: 0.50166667 | AO19: 0.50166667 | AP19: 0.50166667 | AQ19: 0.50166667 | AR19: 0.50166667 | AS19: 0.50166667 | AT19: 0.50166667 | AU19: 0.51 | AV19: 0.51833333 | AW19: 0.52666667 | AX19: 0.535 | AY19: 0.54333333 | AZ19: 0.55166667 | BA19: 0.56 | BB19: 0.56833333 | BC19: 0.6 | BD19: 0.63 | BE19: 0.66 | BF19: 0.69 | BG19: 0.72 | BH19: 0.75 | BI19: 0.78 | BJ19: 0.81 | BK19: 0.84 | BL19: 0.87 | BM19: 0.9 | BN19: 0.93 | BO19: 0.96 | BP19: 0.99 | BQ19: 1 | BR19: 1 | BS19: 1 | BT19: 1 | BU19: 1 | BV19: 1 | BW19: 1 | BX19: 1 | BY19: 1 | BZ19: 1 | CA19: 1 | CB19: 1 | CC19: 1 | CD19: 1 | CE19: 1 | CF19: 1 | CG19: 1 | CH19: 1 | CI19: 1 | CJ19: 1 | CK19: 1 | CL19: 1 | CM19: 1 | CN19: 1 | CO19: 1 | CP19: 1 | CQ19: 1 | CR19: 1 | CS19: 1 | CT19: 1 | CU19: 1 | CV19: 1 | CW19: 1 | CX19: 1 | CY19: 1 | CZ19: 1 | DA19: 1 | DB19: 1 | DC19: 1 | DD19: 1 | DE19: 1 | DG19: 0.05 | DH19: 0.08 | DI19: 0.1 | DJ19: 0.12666667 | DK19: 0.15166667 | DL19: 0.17666667 | DM19: 0.20166667 | DN19: 0.22666667 | DO19: 0.25166667 | DP19: 0.27666667 | DQ19: 0.30166667 | DR19: 0.32666667 | DS19: 0.35166667 | DT19: 0.37666667 | DU19: 0.40166667 | DV19: 0.42666667 | DW19: 0.45166667 | DX19: 0.47666667 | DY19: 0.50166667 | DZ19: 0.50166667 | EA19: 0.50166667 | EB19: 0.50166667 | EC19: 0.50166667 | ED19: 0.50166667 | EE19: 0.50166667 | EF19: 0.50166667 | EG19: 0.50166667 | EH19: 0.50166667 | EI19: 0.51 | EJ19: 0.51833333 | EK19: 0.52666667 | EL19: 0.535 | EM19: 0.54333333 | EN19: 0.55166667 | EO19: 0.56 | EP19: 0.56833333 | EQ19: 0.6 | ER19: 0.63 | ES19: 0.66 | ET19: 0.69 | EU19: 0.72 | EV19: 0.75 | EW19: 0.78 | EX19: 0.81 | EY19: 0.84 | EZ19: 0.87 | FA19: 0.9 | FB19: 0.93 | FC19: 0.96 | FD19: 0.99 | FE19: 1 | FF19: 1 | FG19: 1 | FH19: 1 | FI19: 1 | FJ19: 1 | FK19: 1 | FL19: 1 | FM19: 1 | FN19: 1 | FO19: 1 | FP19: 1 | FQ19: 1 | FR19: 1 | FS19: 1 | FT19: 1 | FU19: 1 | FV19: 1 | FW19: 1 | FX19: 1 | FY19: 1 | FZ19: 1 | GA19: 1 | GB19: 1 | GC19: 1 | GD19: 1 | GE19: 1 | GF19: 1 | GG19: 1 | GH19: 1 | GI19: 1 | GJ19: 1 | GK19: 1 | GL19: 1 | GM19: 1 | GN19: 1 | GO19: 1 | GP19: 1 | GQ19: 1 | GR19: 1 | GS19: 1 | GU19: =IF(AND(OR(S19="",S19=0),OR(DG19="",DG19=0)),"", MIN(1.2, IFERROR(DG19/IF(OR(S19="",S19=0),1,S19),0))) -> 1 | GV19: =IF(AND(OR(T19="",T19=0),OR(DH19="",DH19=0)),"", MIN(1.2, IFERROR(DH19/IF(OR(T19="",T19=0),1,T19),0))) -> 1 | GW19: =IF(AND(OR(U19="",U19=0),OR(DI19="",DI19=0)),"", MIN(1.2, IFERROR(DI19/IF(OR(U19="",U19=0),1,U19),0))) -> 1 | GX19: =IF(AND(OR(V19="",V19=0),OR(DJ19="",DJ19=0)),"", MIN(1.2, IFERROR(DJ19/IF(OR(V19="",V19=0),1,V19),0))) -> 1 | GY19: =IF(AND(OR(W19="",W19=0),OR(DK19="",DK19=0)),"", MIN(1.2, IFERROR(DK19/IF(OR(W19="",W19=0),1,W19),0))) -> 1 | GZ19: =IF(AND(OR(X19="",X19=0),OR(DL19="",DL19=0)),"", MIN(1.2, IFERROR(DL19/IF(OR(X19="",X19=0),1,X19),0))) -> 1 | HA19: =IF(AND(OR(Y19="",Y19=0),OR(DM19="",DM19=0)),"", MIN(1.2, IFERROR(DM19/IF(OR(Y19="",Y19=0),1,Y19),0))) -> 1 | HB19: =IF(AND(OR(Z19="",Z19=0),OR(DN19="",DN19=0)),"", MIN(1.2, IFERROR(DN19/IF(OR(Z19="",Z19=0),1,Z19),0))) -> 1 | ... KG19: =IF(AND(OR(DE19="",DE19=0),OR(GS19="",GS19=0)),"", MIN(1.2, IFERROR(GS19/IF(OR(DE19="",DE19=0),1,DE19),0))) -> 1
... B31: 24 | C31: ENVIRONMENT | D31: Budaya kejar operasional menyebabkan unit dengan temuan tetap digunakan. | E31: Long Term / Development | F31: Masukkan kepatuhan STOP/GO dan care unit dalam safety accountability meeting. | G31: GS-SHE-OPS | H31: 46216 | I31: 46262 | J31: =(I31-H31)+1 -> 47 | M31: =IF(AND(K31=0,L31=0),"No Progress",IF(Tbl_SM[[#This Row],[ACTUAL START]]="",0,IF(L31-K31<0,"On Progress",L31-K31))) -> No Progress | N31: =IF(Tbl_SM[[#This Row],[PLAN START]]="","", IF(Tbl_SM[[#This Row],[ACTUAL FINISH]]<>"","CLOSE", IF(Tbl_SM[[#This Row],[ACTUAL START]]<>"","ON PROGRESS", "OPEN"))) -> OPEN | O31: =IF(Tbl_SM[[#This Row],[PLAN START]]="","", IF(Tbl_SM[[#This Row],[ACTUAL FINISH]]<>"","CLOSE", IF(TODAY()>Tbl_SM[[#This Row],[DUE DATA]],"OVERDUE", IF((Tbl_SM[[#This Row],[DUE DATA]]-TODAY())<=3,"< 3 HARI", IF((Tbl_SM[[#This Row],[DUE DATA]]-TODAY())<=7,"< 7 HARI", IF((Tbl_SM[[#This Row],[DUE DATA]]-TODAY())<=14,"< 14 HARI", "> 14 HARI")))))) -> > 14 HARI | P31: =IF(SUM(S31:AW31)=0,"",IFERROR(MAX(DG31:EK31),"")) -> 0.52666667 | Q31: =IF(Tbl_SM[[#This Row],[STATUS]]="CLOSE",1,0) -> 0 | S31: 0.05 | T31: 0.08 | U31: 0.1 | V31: 0.12666667 | W31: 0.15166667 | X31: 0.17666667 | Y31: 0.20166667 | Z31: 0.22666667 | AA31: 0.25166667 | AB31: 0.27666667 | AC31: 0.30166667 | AD31: 0.32666667 | AE31: 0.35166667 | AF31: 0.37666667 | AG31: 0.40166667 | AH31: 0.42666667 | AI31: 0.45166667 | AJ31: 0.47666667 | AK31: 0.50166667 | AL31: 0.50166667 | AM31: 0.50166667 | AN31: 0.50166667 | AO31: 0.50166667 | AP31: 0.50166667 | AQ31: 0.50166667 | AR31: 0.50166667 | AS31: 0.50166667 | AT31: 0.50166667 | AU31: 0.51 | AV31: 0.51833333 | AW31: 0.52666667 | AX31: 0.535 | AY31: 0.54333333 | AZ31: 0.55166667 | BA31: 0.56 | BB31: 0.56833333 | BC31: 0.6 | BD31: 0.63 | BE31: 0.66 | BF31: 0.69 | BG31: 0.72 | BH31: 0.75 | BI31: 0.78 | BJ31: 0.81 | BK31: 0.84 | BL31: 0.87 | BM31: 0.9 | BN31: 0.93 | BO31: 0.96 | BP31: 0.99 | BQ31: 1 | BR31: 1 | BS31: 1 | BT31: 1 | BU31: 1 | BV31: 1 | BW31: 1 | BX31: 1 | BY31: 1 | BZ31: 1 | CA31: 1 | CB31: 1 | CC31: 1 | CD31: 1 | CE31: 1 | CF31: 1 | CG31: 1 | CH31: 1 | CI31: 1 | CJ31: 1 | CK31: 1 | CL31: 1 | CM31: 1 | CN31: 1 | CO31: 1 | CP31: 1 | CQ31: 1 | CR31: 1 | CS31: 1 | CT31: 1 | CU31: 1 | CV31: 1 | CW31: 1 | CX31: 1 | CY31: 1 | CZ31: 1 | DA31: 1 | DB31: 1 | DC31: 1 | DD31: 1 | DE31: 1 | DG31: 0.05 | DH31: 0.08 | DI31: 0.1 | DJ31: 0.12666667 | DK31: 0.15166667 | DL31: 0.17666667 | DM31: 0.20166667 | DN31: 0.22666667 | DO31: 0.25166667 | DP31: 0.27666667 | DQ31: 0.30166667 | DR31: 0.32666667 | DS31: 0.35166667 | DT31: 0.37666667 | DU31: 0.40166667 | DV31: 0.42666667 | DW31: 0.45166667 | DX31: 0.47666667 | DY31: 0.50166667 | DZ31: 0.50166667 | EA31: 0.50166667 | EB31: 0.50166667 | EC31: 0.50166667 | ED31: 0.50166667 | EE31: 0.50166667 | EF31: 0.50166667 | EG31: 0.50166667 | EH31: 0.50166667 | EI31: 0.51 | EJ31: 0.51833333 | EK31: 0.52666667 | EL31: 0.535 | EM31: 0.54333333 | EN31: 0.55166667 | EO31: 0.56 | EP31: 0.56833333 | EQ31: 0.6 | ER31: 0.63 | ES31: 0.66 | ET31: 0.69 | EU31: 0.72 | EV31: 0.75 | EW31: 0.78 | EX31: 0.81 | EY31: 0.84 | EZ31: 0.87 | FA31: 0.9 | FB31: 0.93 | FC31: 0.96 | FD31: 0.99 | FE31: 1 | FF31: 1 | FG31: 1 | FH31: 1 | FI31: 1 | FJ31: 1 | FK31: 1 | FL31: 1 | FM31: 1 | FN31: 1 | FO31: 1 | FP31: 1 | FQ31: 1 | FR31: 1 | FS31: 1 | FT31: 1 | FU31: 1 | FV31: 1 | FW31: 1 | FX31: 1 | FY31: 1 | FZ31: 1 | GA31: 1 | GB31: 1 | GC31: 1 | GD31: 1 | GE31: 1 | GF31: 1 | GG31: 1 | GH31: 1 | GI31: 1 | GJ31: 1 | GK31: 1 | GL31: 1 | GM31: 1 | GN31: 1 | GO31: 1 | GP31: 1 | GQ31: 1 | GR31: 1 | GS31: 1 | GU31: =IF(AND(OR(S31="",S31=0),OR(DG31="",DG31=0)),"", MIN(1.2, IFERROR(DG31/IF(OR(S31="",S31=0),1,S31),0))) -> 1 | GV31: =IF(AND(OR(T31="",T31=0),OR(DH31="",DH31=0)),"", MIN(1.2, IFERROR(DH31/IF(OR(T31="",T31=0),1,T31),0))) -> 1 | GW31: =IF(AND(OR(U31="",U31=0),OR(DI31="",DI31=0)),"", MIN(1.2, IFERROR(DI31/IF(OR(U31="",U31=0),1,U31),0))) -> 1 | GX31: =IF(AND(OR(V31="",V31=0),OR(DJ31="",DJ31=0)),"", MIN(1.2, IFERROR(DJ31/IF(OR(V31="",V31=0),1,V31),0))) -> 1 | GY31: =IF(AND(OR(W31="",W31=0),OR(DK31="",DK31=0)),"", MIN(1.2, IFERROR(DK31/IF(OR(W31="",W31=0),1,W31),0))) -> 1 | GZ31: =IF(AND(OR(X31="",X31=0),OR(DL31="",DL31=0)),"", MIN(1.2, IFERROR(DL31/IF(OR(X31="",X31=0),1,X31),0))) -> 1 | HA31: =IF(AND(OR(Y31="",Y31=0),OR(DM31="",DM31=0)),"", MIN(1.2, IFERROR(DM31/IF(OR(Y31="",Y31=0),1,Y31),0))) -> 1 | HB31: =IF(AND(OR(Z31="",Z31=0),OR(DN31="",DN31=0)),"", MIN(1.2, IFERROR(DN31/IF(OR(Z31="",Z31=0),1,Z31),0))) -> 1 | ... KG31: =IF(AND(OR(DE31="",DE31=0),OR(GS31="",GS31=0)),"", MIN(1.2, IFERROR(GS31/IF(OR(DE31="",DE31=0),1,DE31),0))) -> 1
S33: =SUM(S8:S31)/COUNTA($B8:$B31) -> 0.05 | T33: =SUM(T8:T31)/COUNTA($B8:$B31) -> 0.08 | U33: =SUM(U8:U31)/COUNTA($B8:$B31) -> 0.1 | V33: =SUM(V8:V31)/COUNTA($B8:$B31) -> 0.12666667 | W33: =SUM(W8:W31)/COUNTA($B8:$B31) -> 0.15166667 | X33: =SUM(X8:X31)/COUNTA($B8:$B31) -> 0.17666667 | Y33: =SUM(Y8:Y31)/COUNTA($B8:$B31) -> 0.20166667 | Z33: =SUM(Z8:Z31)/COUNTA($B8:$B31) -> 0.22666667 | ... DE33: =SUM(DE8:DE31)/COUNTA($B8:$B31) -> 1 | DG33: =SUM(DG8:DG31)/COUNTA($B8:$B31) -> 0.05 | DH33: =SUM(DH8:DH31)/COUNTA($B8:$B31) -> 0.08 | DI33: =SUM(DI8:DI31)/COUNTA($B8:$B31) -> 0.1 | DJ33: =SUM(DJ8:DJ31)/COUNTA($B8:$B31) -> 0.12666667 | DK33: =SUM(DK8:DK31)/COUNTA($B8:$B31) -> 0.15166667 | DL33: =SUM(DL8:DL31)/COUNTA($B8:$B31) -> 0.17666667 | DM33: =SUM(DM8:DM31)/COUNTA($B8:$B31) -> 0.20166667 | DN33: =SUM(DN8:DN31)/COUNTA($B8:$B31) -> 0.22666667 | ... GS33: =SUM(GS8:GS31)/COUNTA($B8:$B31) -> 1 | GU33: =IF(AND(OR(S33="",S33=0),OR(DG33="",DG33=0)),"", MIN(1.2, IFERROR(DG33/IF(OR(S33="",S33=0),1,S33),0))) -> 1 | GV33: =IF(AND(OR(T33="",T33=0),OR(DH33="",DH33=0)),"", MIN(1.2, IFERROR(DH33/IF(OR(T33="",T33=0),1,T33),0))) -> 1 | GW33: =IF(AND(OR(U33="",U33=0),OR(DI33="",DI33=0)),"", MIN(1.2, IFERROR(DI33/IF(OR(U33="",U33=0),1,U33),0))) -> 1 | GX33: =IF(AND(OR(V33="",V33=0),OR(DJ33="",DJ33=0)),"", MIN(1.2, IFERROR(DJ33/IF(OR(V33="",V33=0),1,V33),0))) -> 1 | GY33: =IF(AND(OR(W33="",W33=0),OR(DK33="",DK33=0)),"", MIN(1.2, IFERROR(DK33/IF(OR(W33="",W33=0),1,W33),0))) -> 1 | GZ33: =IF(AND(OR(X33="",X33=0),OR(DL33="",DL33=0)),"", MIN(1.2, IFERROR(DL33/IF(OR(X33="",X33=0),1,X33),0))) -> 1 | HA33: =IF(AND(OR(Y33="",Y33=0),OR(DM33="",DM33=0)),"", MIN(1.2, IFERROR(DM33/IF(OR(Y33="",Y33=0),1,Y33),0))) -> 1 | HB33: =IF(AND(OR(Z33="",Z33=0),OR(DN33="",DN33=0)),"", MIN(1.2, IFERROR(DN33/IF(OR(Z33="",Z33=0),1,Z33),0))) -> 1 | ... KG33: =IF(AND(OR(DE33="",DE33=0),OR(GS33="",GS33=0)),"", MIN(1.2, IFERROR(GS33/IF(OR(DE33="",DE33=0),1,DE33),0))) -> 1
D34: DAILY ACHIVEMENT | S34: 16 | T34: 16 | U34: 16 | V34: 16 | W34: 16 | X34: 16 | Y34: 16 | Z34: 16 | AA34: 16 | AB34: 16 | AC34: 16 | AD34: 16 | AE34: 16 | AF34: 16 | AG34: 16 | AH34: 16 | AI34: 16 | AJ34: 16 | AK34: 16 | AL34: 16 | AM34: 16 | AN34: 16 | AO34: 16 | AP34: 16 | AQ34: 16 | AR34: 16 | AS34: 16 | AT34: 16 | AU34: 16 | AV34: 16 | AW34: 16
D35: DOZER READINESS | E35: PLAN | S35: 15 | T35: 13 | U35: 14 | V35: 11 | W35: 16 | X35: 14 | Y35: 16 | Z35: 15 | AA35: 13 | AB35: 14 | AC35: 11 | AD35: 16 | AE35: 14 | AF35: 16 | AG35: 15 | AH35: 13 | AI35: 14 | AJ35: 11 | AK35: 16 | AL35: 14 | AM35: 16 | AN35: 15 | AO35: 13 | AP35: 14 | AQ35: 11 | AR35: 16 | AS35: 14 | AT35: 16 | AU35: 12 | AV35: 11 | AW35: 15
E36: ACTUAL | S36: =IFERROR(S35/S34,0) -> 0.9375 | T36: =IFERROR(T35/T34,0) -> 0.8125 | U36: =IFERROR(U35/U34,0) -> 0.875 | V36: =IFERROR(V35/V34,0) -> 0.6875 | W36: =IFERROR(W35/W34,0) -> 1 | X36: =IFERROR(X35/X34,0) -> 0.875 | Y36: =IFERROR(Y35/Y34,0) -> 1 | Z36: =IFERROR(Z35/Z34,0) -> 0.9375 | ... AW36: =IFERROR(AW35/AW34,0) -> 0.9375
E37: ACHIVE | S37: 0.9 | T37: 0.9 | U37: 0.9 | V37: 0.9 | W37: 0.9 | X37: 0.9 | Y37: 0.9 | Z37: 0.9 | AA37: 0.9 | AB37: 0.9 | AC37: 0.9 | AD37: 0.9 | AE37: 0.9 | AF37: 0.9 | AG37: 0.9 | AH37: 0.9 | AI37: 0.9 | AJ37: 0.9 | AK37: 0.9 | AL37: 0.9 | AM37: 0.9 | AN37: 0.9 | AO37: 0.9 | AP37: 0.9 | AQ37: 0.9 | AR37: 0.9 | AS37: 0.9 | AT37: 0.9 | AU37: 0.9 | AV37: 0.9 | AW37: 0.9
D38: PA ALL DOZER | E38: PLAN | S38: 0.87 | T38: 0.8 | U38: 0.83 | V38: 0.72 | W38: 1 | X38: 0.9 | Y38: 0.98 | Z38: 0.93 | AA38: 0.87 | AB38: 0.8 | AC38: 0.83 | AD38: 0.72 | AE38: 1 | AF38: 0.9 | AG38: 0.98 | AH38: 0.93 | AI38: 0.87 | AJ38: 0.8 | AK38: 0.83 | AL38: 0.72 | AM38: 1 | AN38: 0.9 | AO38: 0.98 | AP38: 0.93 | AQ38: 0.87 | AR38: 0.8 | AS38: 0.83 | AT38: 0.72 | AU38: 1 | AV38: 0.9 | AW38: 0.98
E39: ACTUAL | S39: =IFERROR(S38/S37,0) -> 0.96666667 | T39: =IFERROR(T38/T37,0) -> 0.88888889 | U39: =IFERROR(U38/U37,0) -> 0.92222222 | V39: =IFERROR(V38/V37,0) -> 0.8 | W39: =IFERROR(W38/W37,0) -> 1.1111111 | X39: =IFERROR(X38/X37,0) -> 1 | Y39: =IFERROR(Y38/Y37,0) -> 1.0888889 | Z39: =IFERROR(Z38/Z37,0) -> 1.0333333 | ... AW39: =IFERROR(AW38/AW37,0) -> 1.0888889
E40: ACHIVE | S40: 70 | T40: 70 | U40: 70 | V40: 70 | W40: 70 | X40: 70 | Y40: 70 | Z40: 70 | AA40: 70 | AB40: 70 | AC40: 70 | AD40: 70 | AE40: 70 | AF40: 70 | AG40: 70 | AH40: 70 | AI40: 70 | AJ40: 70 | AK40: 70 | AL40: 70 | AM40: 70 | AN40: 70 | AO40: 70 | AP40: 70 | AQ40: 70 | AR40: 70 | AS40: 70 | AT40: 70 | AU40: 70 | AV40: 70 | AW40: 70
D41: MTBF | E41: PLAN | S41: 80 | T41: 60 | U41: 50 | V41: 75 | W41: 83 | X41: 65 | Y41: 73 | Z41: 80 | AA41: 60 | AB41: 50 | AC41: 75 | AD41: 83 | AE41: 65 | AF41: 73 | AG41: 80 | AH41: 60 | AI41: 50 | AJ41: 75 | AK41: 83 | AL41: 65 | AM41: 73 | AN41: 80 | AO41: 60 | AP41: 50 | AQ41: 75 | AR41: 83 | AS41: 65 | AT41: 73 | AU41: 75 | AV41: 83 | AW41: 65
E42: ACTUAL | S42: =IFERROR(S41/S40,0) -> 1.1428571 | T42: =IFERROR(T41/T40,0) -> 0.85714286 | U42: =IFERROR(U41/U40,0) -> 0.71428571 | V42: =IFERROR(V41/V40,0) -> 1.0714286 | W42: =IFERROR(W41/W40,0) -> 1.1857143 | X42: =IFERROR(X41/X40,0) -> 0.92857143 | Y42: =IFERROR(Y41/Y40,0) -> 1.0428571 | Z42: =IFERROR(Z41/Z40,0) -> 1.1428571 | ... AW42: =IFERROR(AW41/AW40,0) -> 0.92857143
E43: ACHIVE | S43: 80 | T43: 80 | U43: 80 | V43: 80 | W43: 80 | X43: 80 | Y43: 80 | Z43: 80 | AA43: 80 | AB43: 80 | AC43: 80 | AD43: 80 | AE43: 80 | AF43: 80 | AG43: 80 | AH43: 80 | AI43: 80 | AJ43: 80 | AK43: 80 | AL43: 80 | AM43: 80 | AN43: 80 | AO43: 80 | AP43: 80 | AQ43: 80 | AR43: 80 | AS43: 80 | AT43: 80 | AU43: 80 | AV43: 80 | AW43: 80
D44: MTTR | E44: PLAN | S44: 80 | T44: 60 | U44: 50 | V44: 75 | W44: 83 | X44: 65 | Y44: 73 | Z44: 80 | AA44: 60 | AB44: 50 | AC44: 75 | AD44: 83 | AE44: 65 | AF44: 73 | AG44: 80 | AH44: 60 | AI44: 50 | AJ44: 75 | AK44: 83 | AL44: 65 | AM44: 73 | AN44: 80 | AO44: 60 | AP44: 50 | AQ44: 75 | AR44: 83 | AS44: 65 | AT44: 73 | AU44: 75 | AV44: 83 | AW44: 65
E45: ACTUAL | S45: =IFERROR(S44/S43,0) -> 1 | T45: =IFERROR(T44/T43,0) -> 0.75 | U45: =IFERROR(U44/U43,0) -> 0.625 | V45: =IFERROR(V44/V43,0) -> 0.9375 | W45: =IFERROR(W44/W43,0) -> 1.0375 | X45: =IFERROR(X44/X43,0) -> 0.8125 | Y45: =IFERROR(Y44/Y43,0) -> 0.9125 | Z45: =IFERROR(Z44/Z43,0) -> 1 | ... AW45: =IFERROR(AW44/AW43,0) -> 0.8125
E46: ACHIVE
H67: klo perlu MTBF | I67: klo perlu MTBF

Sheet DATA
B2: TBL_DOZER_READINESS | G2: TBL_PA ALL DOZER | L2: TBL_MTBF | Q2: TBL_MTTR | V2: ACHIVEMENT | AF2: Tbl_Summary | AU2: Tbl_ACH | CF2: Tbl_Daily | CZ2: SUM_ACT
B3: PARAMETER | C3: CATEGORY | D3: DATE | E3: VALUE | G3: PARAMETER | H3: CATEGORY | I3: DATE | J3: VALUE | L3: PARAMETER | M3: CATEGORY | N3: DATE | O3: VALUE | Q3: PARAMETER | R3: CATEGORY | S3: DATE | T3: VALUE | V3: PARAMETER | W3: CATEGORY | X3: DATE | Y3: VALUE | AA3: PARAMETER | AB3: CATEGORY | AC3: DATE | AD3: VALUE | AF3: NO | AG3: 5 FACTOR | AH3: CATEGORY | AI3: PIC | AJ3: PLAN START | AK3: DUE DATA | AL3: PLAN DURATION | AM3: ACTUAL START | AN3: ACTUAL FINISH | AO3: ACTUAL DURATION | AP3: STATUS | AQ3: DUE STATUS | AR3: COMPLETION | AS3: COMPLETION_FLAG | AU3: ACHIVEMENT | AV3: ='Activity Plan'!S7 -> 46174 | AW3: ='Activity Plan'!T7 -> 46175 | AX3: ='Activity Plan'!U7 -> 46176 | AY3: ='Activity Plan'!V7 -> 46177 | AZ3: ='Activity Plan'!W7 -> 46178 | BA3: ='Activity Plan'!X7 -> 46179 | BB3: ='Activity Plan'!Y7 -> 46180 | BC3: ='Activity Plan'!Z7 -> 46181 | ... BZ3: ='Activity Plan'!AW7 -> 46204 | CF3: NO | CG3: 5 FACTOR | CH3: CATEGORY | CI3: Attribute | CJ3: Value | CL3: SS | CM3: PARAMETER | CN3: CATEGORY | CO3: DATE | CP3: VALUE | CR3: BULAN | CU3: DAY | CV3: TYPE | CW3: ACHIEVEMENT | CZ3: DATE | DA3: DAILY_PLAN | DB3: DAILY_ACTUAL | DC3: DOZER_READINESS | DD3: PA_DOZER | DE3: MTBF | DF3: MTTR
B4: DOZER READINESS | C4: PLAN | D4: 1 | E4: {=IF(INDEX('Activity Plan'!$S$34:$AW$99, MATCH("*"&TRIM($B4)&"*",'Activity Plan'!$D$35:$D$100,0)+MATCH($C4,{"PLAN";"ACTUAL";"ACHIVE"},0)-1, MATCH($D4,DAY('Activity Plan'!$S$7:$AW$7),0))=0, "N/A", INDEX('Activity Plan'!$S$34:$AW$99, MATCH("*"&TRIM($B4)&"*",'Activity Plan'!$D$35:$D$100,0)+MATCH($C4,{"PLAN";"ACTUAL";"ACHIVE"},0)-1, MATCH($D4,DAY('Activity Plan'!$S$7:$AW$7),0)))} -> 16 | G4: PA ALL DOZER | H4: PLAN | I4: 1 | J4: {=IF(INDEX('Activity Plan'!$S$34:$AW$99, MATCH("*"&TRIM($G4)&"*",'Activity Plan'!$D$35:$D$100,0)+MATCH($H4,{"PLAN";"ACTUAL";"ACHIVE"},0)-1, MATCH($I4,DAY('Activity Plan'!$S$7:$AW$7),0))=0, "N/A", INDEX('Activity Plan'!$S$34:$AW$99, MATCH("*"&TRIM($G4)&"*",'Activity Plan'!$D$35:$D$100,0)+MATCH($H4,{"PLAN";"ACTUAL";"ACHIVE"},0)-1, MATCH($I4,DAY('Activity Plan'!$S$7:$AW$7),0)))} -> 0.9 | L4: MTBF | M4: PLAN | N4: 1 | O4: {=IF(INDEX('Activity Plan'!$S$34:$AW$99, MATCH("*"&TRIM($L4)&"*",'Activity Plan'!$D$35:$D$100,0)+MATCH($M4,{"PLAN";"ACTUAL";"ACHIVE"},0)-1, MATCH($N4,DAY('Activity Plan'!$S$7:$AW$7),0))=0, "N/A", INDEX('Activity Plan'!$S$34:$AW$99, MATCH("*"&TRIM($L4)&"*",'Activity Plan'!$D$35:$D$100,0)+MATCH($M4,{"PLAN";"ACTUAL";"ACHIVE"},0)-1, MATCH($N4,DAY('Activity Plan'!$S$7:$AW$7),0)))} -> 70 | Q4: MTTR | R4: PLAN | S4: 1 | T4: {=IF(INDEX('Activity Plan'!$S$34:$AW$99, MATCH("*"&TRIM($Q4)&"*",'Activity Plan'!$D$35:$D$100,0)+MATCH($R4,{"PLAN";"ACTUAL";"ACHIVE"},0)-1, MATCH($S4,DAY('Activity Plan'!$S$7:$AW$7),0))=0, "N/A", INDEX('Activity Plan'!$S$34:$AW$99, MATCH("*"&TRIM($Q4)&"*",'Activity Plan'!$D$35:$D$100,0)+MATCH($R4,{"PLAN";"ACTUAL";"ACHIVE"},0)-1, MATCH($S4,DAY('Activity Plan'!$S$7:$AW$7),0)))} -> 80 | V4: DOZER READINESS | W4: ACHIVE | X4: 1 | Y4: {=IF(INDEX('Activity Plan'!$S$34:$AW$99, MATCH("*"&TRIM($V4)&"*",'Activity Plan'!$D$35:$D$100,0)+MATCH($W4,{"PLAN";"ACTUAL";"ACHIVE"},0)-1, MATCH($X4,DAY('Activity Plan'!$S$7:$AW$7),0))=0, "N/A", INDEX('Activity Plan'!$S$34:$AW$99, MATCH("*"&TRIM($V4)&"*",'Activity Plan'!$D$35:$D$100,0)+MATCH($W4,{"PLAN";"ACTUAL";"ACHIVE"},0)-1, MATCH($X4,DAY('Activity Plan'!$S$7:$AW$7),0)))} -> 0.9375 | AA4: DAILY ACHIVEMENT | AB4: PLAN | AC4: 1 | AD4: ='Activity Plan'!S33 -> 0.05 | AF4: =IF(ROWS($Z$15:Z15)>COUNTA(Tbl_SM[NO]),"N/A",ROWS($Z$15:Z15)) -> 1 | AG4: =IF(OR(Tbl_Summary[[#This Row],[NO]]="",Tbl_Summary[[#This Row],[NO]]="N/A"),"",_xlfn.XLOOKUP(Tbl_Summary[[#This Row],[NO]],Tbl_SM[NO],Tbl_SM[5 FACTOR])) -> MAN | AH4: =IF(OR(Tbl_Summary[[#This Row],[NO]]="",Tbl_Summary[[#This Row],[NO]]="N/A"),"",_xlfn.XLOOKUP(Tbl_Summary[[#This Row],[NO]],Tbl_SM[NO],Tbl_SM[CATEGORY])) -> Quick Action | AI4: =IF(OR(Tbl_Summary[[#This Row],[NO]]="",Tbl_Summary[[#This Row],[NO]]="N/A"),"",_xlfn.XLOOKUP(Tbl_Summary[[#This Row],[NO]],Tbl_SM[NO],Tbl_SM[PIC])) -> GS-PLANT-SHE | AJ4: =IF(OR(Tbl_Summary[[#This Row],[NO]]="",Tbl_Summary[[#This Row],[NO]]="N/A"),"",_xlfn.XLOOKUP(Tbl_Summary[[#This Row],[NO]],Tbl_SM[NO],Tbl_SM[PLAN START])) -> 46181 | AK4: =IF(OR(Tbl_Summary[[#This Row],[NO]]="",Tbl_Summary[[#This Row],[NO]]="N/A"),"",_xlfn.XLOOKUP(Tbl_Summary[[#This Row],[NO]],Tbl_SM[NO],Tbl_SM[DUE DATA])) -> 46192 | AL4: =IF(OR(Tbl_Summary[[#This Row],[NO]]="",Tbl_Summary[[#This Row],[NO]]="N/A"),"",_xlfn.XLOOKUP(Tbl_Summary[[#This Row],[NO]],Tbl_SM[NO],Tbl_SM[PLAN DURATION])) -> 12 | AM4: =IFERROR(IF(OR(Tbl_Summary[[#This Row],[NO]]="",Tbl_Summary[[#This Row],[NO]]="N/A"),"",_xlfn.XLOOKUP(Tbl_Summary[[#This Row],[NO]],Tbl_SM[NO],Tbl_SM[ACTUAL START])),"") -> 0 | AN4: =IFERROR(IF(OR(Tbl_Summary[[#This Row],[NO]]="",Tbl_Summary[[#This Row],[NO]]="N/A"),"N/A", IF(_xlfn.XLOOKUP(Tbl_Summary[[#This Row],[NO]],Tbl_SM[NO],Tbl_SM[ACTUAL FINISH])=0,"N/A", _xlfn.XLOOKUP(Tbl_Summary[[#This Row],[NO]],Tbl_SM[NO],Tbl_SM[ACTUAL FINISH]))),"N/A") -> N/A | AO4: =IFERROR(IF(OR(Tbl_Summary[[#This Row],[NO]]="",Tbl_Summary[[#This Row],[NO]]="N/A"),"",_xlfn.XLOOKUP(Tbl_Summary[[#This Row],[NO]],Tbl_SM[NO],Tbl_SM[ACTUAL DURATION])),"") -> No Progress | AP4: =IFERROR(IF(OR(Tbl_Summary[[#This Row],[NO]]="",Tbl_Summary[[#This Row],[NO]]="N/A"),"",_xlfn.XLOOKUP(Tbl_Summary[[#This Row],[NO]],Tbl_SM[NO],Tbl_SM[STATUS])),"") -> OPEN | AQ4: =IFERROR(IF(OR(Tbl_Summary[[#This Row],[NO]]="",Tbl_Summary[[#This Row],[NO]]="N/A"),"",_xlfn.XLOOKUP(Tbl_Summary[[#This Row],[NO]],Tbl_SM[NO],Tbl_SM[DUE STATUS])),"") -> < 14 HARI | AR4: =IFERROR(IF(OR(Tbl_Summary[[#This Row],[NO]]="",Tbl_Summary[[#This Row],[NO]]="N/A"),"",_xlfn.XLOOKUP(Tbl_Summary[[#This Row],[NO]],Tbl_SM[NO],Tbl_SM[COMPLETION])),"") -> 0.52666667 | AS4: =IFERROR(IF(OR(Tbl_Summary[[#This Row],[NO]]="",Tbl_Summary[[#This Row],[NO]]="N/A"),"",_xlfn.XLOOKUP(Tbl_Summary[[#This Row],[NO]],Tbl_SM[NO],Tbl_SM[COMPLETION_FLAG])),"") -> 0 | AU4: PLAN | AV4: =IFERROR(IF('Activity Plan'!S33=0,"N/A",'Activity Plan'!S33),"N/A") -> 0.05 | AW4: =IFERROR(IF('Activity Plan'!T33=0,"N/A",'Activity Plan'!T33),"N/A") -> 0.08 | AX4: =IFERROR(IF('Activity Plan'!U33=0,"N/A",'Activity Plan'!U33),"N/A") -> 0.1 | AY4: =IFERROR(IF('Activity Plan'!V33=0,"N/A",'Activity Plan'!V33),"N/A") -> 0.12666667 | AZ4: =IFERROR(IF('Activity Plan'!W33=0,"N/A",'Activity Plan'!W33),"N/A") -> 0.15166667 | BA4: =IFERROR(IF('Activity Plan'!X33=0,"N/A",'Activity Plan'!X33),"N/A") -> 0.17666667 | BB4: =IFERROR(IF('Activity Plan'!Y33=0,"N/A",'Activity Plan'!Y33),"N/A") -> 0.20166667 | BC4: =IFERROR(IF('Activity Plan'!Z33=0,"N/A",'Activity Plan'!Z33),"N/A") -> 0.22666667 | ... BZ4: =IFERROR(IF('Activity Plan'!AW33=0,"N/A",'Activity Plan'!AW33),"N/A") -> 0.52666667 | CF4: 1 | CG4: MAN | CH4: Quick Action | CI4: 1 | CJ4: 0 | CL4: FACTOR | CM4: DOZER READINESS | CN4: PLAN | CO4: 1 | CP4: {=IF(INDEX('Activity Plan'!$S$34:$AW$99, MATCH("*"&TRIM($B4)&"*",'Activity Plan'!$D$35:$D$100,0)+MATCH($C4,{"PLAN";"ACTUAL";"ACHIVE"},0)-1, MATCH($D4,DAY('Activity Plan'!$S$7:$AW$7),0))=0, "N/A", INDEX('Activity Plan'!$S$34:$AW$99, MATCH("*"&TRIM($B4)&"*",'Activity Plan'!$D$35:$D$100,0)+MATCH($C4,{"PLAN";"ACTUAL";"ACHIVE"},0)-1, MATCH($D4,DAY('Activity Plan'!$S$7:$AW$7),0)))} -> 16 | CR4: 1 | CS4: JANUARI | CU4: ='Activity Plan'!S7 -> 46174 | CV4: PLAN | CW4: =IFERROR(IF('Activity Plan'!S33=0,"N/A",'Activity Plan'!S33),"N/A") -> 0.05 | CZ4: 1 | DA4: =SUMIFS(TBL_ACHIVEMENT[VALUE], TBL_ACHIVEMENT[DATE],TBL_ACHIVEMENT[[#This Row],[DATE]], TBL_ACHIVEMENT[CATEGORY],"PLAN") -> 0.05 | DB4: =SUMIFS(TBL_ACHIVEMENT[VALUE], TBL_ACHIVEMENT[DATE],TBL_ACHIVEMENT[[#This Row],[DATE]], TBL_ACHIVEMENT[CATEGORY],"ACTUAL") -> 0.535 | DC4: =SUMIFS(TBL_DOZER_READINESS[VALUE], TBL_DOZER_READINESS[DATE],TBL_DOZER_READINESS[[#This Row],[DATE]], TBL_DOZER_READINESS[CATEGORY],"ACTUAL") -> 15 | DD4: =SUMIFS(TBL_PA_DOZER[VALUE], TBL_PA_DOZER[DATE],TBL_PA_DOZER[[#This Row],[DATE]], TBL_PA_DOZER[CATEGORY],"ACTUAL") -> 0.87 | DE4: =SUMIFS(Tbl_MTBF[VALUE], Tbl_MTBF[DATE],Tbl_MTBF[[#This Row],[DATE]], Tbl_MTBF[CATEGORY],"ACTUAL") -> 80 | DF4: =SUMIFS(Tbl_MTTR[VALUE], Tbl_MTTR[DATE],Tbl_MTTR[[#This Row],[DATE]], Tbl_MTTR[CATEGORY],"ACTUAL") -> 80
B5: DOZER READINESS | C5: ACTUAL | D5: 1 | E5: {=IF(INDEX('Activity Plan'!$S$34:$AW$99, MATCH("*"&TRIM($B5)&"*",'Activity Plan'!$D$35:$D$100,0)+MATCH($C5,{"PLAN";"ACTUAL";"ACHIVE"},0)-1, MATCH($D5,DAY('Activity Plan'!$S$7:$AW$7),0))=0, "N/A", INDEX('Activity Plan'!$S$34:$AW$99, MATCH("*"&TRIM($B5)&"*",'Activity Plan'!$D$35:$D$100,0)+MATCH($C5,{"PLAN";"ACTUAL";"ACHIVE"},0)-1, MATCH($D5,DAY('Activity Plan'!$S$7:$AW$7),0)))} -> 15 | G5: PA ALL DOZER | H5: ACTUAL | I5: 1 | J5: {=IF(INDEX('Activity Plan'!$S$34:$AW$99, MATCH("*"&TRIM($G5)&"*",'Activity Plan'!$D$35:$D$100,0)+MATCH($H5,{"PLAN";"ACTUAL";"ACHIVE"},0)-1, MATCH($I5,DAY('Activity Plan'!$S$7:$AW$7),0))=0, "N/A", INDEX('Activity Plan'!$S$34:$AW$99, MATCH("*"&TRIM($G5)&"*",'Activity Plan'!$D$35:$D$100,0)+MATCH($H5,{"PLAN";"ACTUAL";"ACHIVE"},0)-1, MATCH($I5,DAY('Activity Plan'!$S$7:$AW$7),0)))} -> 0.87 | L5: MTBF | M5: ACTUAL | N5: 1 | O5: {=IF(INDEX('Activity Plan'!$S$34:$AW$99, MATCH("*"&TRIM($L5)&"*",'Activity Plan'!$D$35:$D$100,0)+MATCH($M5,{"PLAN";"ACTUAL";"ACHIVE"},0)-1, MATCH($N5,DAY('Activity Plan'!$S$7:$AW$7),0))=0, "N/A", INDEX('Activity Plan'!$S$34:$AW$99, MATCH("*"&TRIM($L5)&"*",'Activity Plan'!$D$35:$D$100,0)+MATCH($M5,{"PLAN";"ACTUAL";"ACHIVE"},0)-1, MATCH($N5,DAY('Activity Plan'!$S$7:$AW$7),0)))} -> 80 | Q5: MTTR | R5: ACTUAL | S5: 1 | T5: {=IF(INDEX('Activity Plan'!$S$34:$AW$99, MATCH("*"&TRIM($Q5)&"*",'Activity Plan'!$D$35:$D$100,0)+MATCH($R5,{"PLAN";"ACTUAL";"ACHIVE"},0)-1, MATCH($S5,DAY('Activity Plan'!$S$7:$AW$7),0))=0, "N/A", INDEX('Activity Plan'!$S$34:$AW$99, MATCH("*"&TRIM($Q5)&"*",'Activity Plan'!$D$35:$D$100,0)+MATCH($R5,{"PLAN";"ACTUAL";"ACHIVE"},0)-1, MATCH($S5,DAY('Activity Plan'!$S$7:$AW$7),0)))} -> 80 | V5: DOZER READINESS | W5: ACHIVE | X5: 2 | Y5: {=IF(INDEX('Activity Plan'!$S$34:$AW$99, MATCH("*"&TRIM($V5)&"*",'Activity Plan'!$D$35:$D$100,0)+MATCH($W5,{"PLAN";"ACTUAL";"ACHIVE"},0)-1, MATCH($X5,DAY('Activity Plan'!$S$7:$AW$7),0))=0, "N/A", INDEX('Activity Plan'!$S$34:$AW$99, MATCH("*"&TRIM($V5)&"*",'Activity Plan'!$D$35:$D$100,0)+MATCH($W5,{"PLAN";"ACTUAL";"ACHIVE"},0)-1, MATCH($X5,DAY('Activity Plan'!$S$7:$AW$7),0)))} -> 0.8125 | AA5: DAILY ACHIVEMENT | AB5: PLAN | AC5: 2 | AD5: ='Activity Plan'!T33 -> 0.08 | AF5: =IF(ROWS($Z$15:Z16)>COUNTA(Tbl_SM[NO]),"N/A",ROWS($Z$15:Z16)) -> 2 | AG5: =IF(OR(Tbl_Summary[[#This Row],[NO]]="",Tbl_Summary[[#This Row],[NO]]="N/A"),"",_xlfn.XLOOKUP(Tbl_Summary[[#This Row],[NO]],Tbl_SM[NO],Tbl_SM[5 FACTOR])) -> MAN | AH5: =IF(OR(Tbl_Summary[[#This Row],[NO]]="",Tbl_Summary[[#This Row],[NO]]="N/A"),"",_xlfn.XLOOKUP(Tbl_Summary[[#This Row],[NO]],Tbl_SM[NO],Tbl_SM[CATEGORY])) -> Long Term / Development | AI5: =IF(OR(Tbl_Summary[[#This Row],[NO]]="",Tbl_Summary[[#This Row],[NO]]="N/A"),"",_xlfn.XLOOKUP(Tbl_Summary[[#This Row],[NO]],Tbl_SM[NO],Tbl_SM[PIC])) -> GS-HC-USER | AJ5: =IF(OR(Tbl_Summary[[#This Row],[NO]]="",Tbl_Summary[[#This Row],[NO]]="N/A"),"",_xlfn.XLOOKUP(Tbl_Summary[[#This Row],[NO]],Tbl_SM[NO],Tbl_SM[PLAN START])) -> 46188 | AK5: =IF(OR(Tbl_Summary[[#This Row],[NO]]="",Tbl_Summary[[#This Row],[NO]]="N/A"),"",_xlfn.XLOOKUP(Tbl_Summary[[#This Row],[NO]],Tbl_SM[NO],Tbl_SM[DUE DATA])) -> 46220 | AL5: =IF(OR(Tbl_Summary[[#This Row],[NO]]="",Tbl_Summary[[#This Row],[NO]]="N/A"),"",_xlfn.XLOOKUP(Tbl_Summary[[#This Row],[NO]],Tbl_SM[NO],Tbl_SM[PLAN DURATION])) -> 33 | AM5: =IFERROR(IF(OR(Tbl_Summary[[#This Row],[NO]]="",Tbl_Summary[[#This Row],[NO]]="N/A"),"",_xlfn.XLOOKUP(Tbl_Summary[[#This Row],[NO]],Tbl_SM[NO],Tbl_SM[ACTUAL START])),"") -> 0 | AN5: =IFERROR(IF(OR(Tbl_Summary[[#This Row],[NO]]="",Tbl_Summary[[#This Row],[NO]]="N/A"),"N/A", IF(_xlfn.XLOOKUP(Tbl_Summary[[#This Row],[NO]],Tbl_SM[NO],Tbl_SM[ACTUAL FINISH])=0,"N/A", _xlfn.XLOOKUP(Tbl_Summary[[#This Row],[NO]],Tbl_SM[NO],Tbl_SM[ACTUAL FINISH]))),"N/A") -> N/A | AO5: =IFERROR(IF(OR(Tbl_Summary[[#This Row],[NO]]="",Tbl_Summary[[#This Row],[NO]]="N/A"),"",_xlfn.XLOOKUP(Tbl_Summary[[#This Row],[NO]],Tbl_SM[NO],Tbl_SM[ACTUAL DURATION])),"") -> No Progress | AP5: =IFERROR(IF(OR(Tbl_Summary[[#This Row],[NO]]="",Tbl_Summary[[#This Row],[NO]]="N/A"),"",_xlfn.XLOOKUP(Tbl_Summary[[#This Row],[NO]],Tbl_SM[NO],Tbl_SM[STATUS])),"") -> OPEN | AQ5: =IFERROR(IF(OR(Tbl_Summary[[#This Row],[NO]]="",Tbl_Summary[[#This Row],[NO]]="N/A"),"",_xlfn.XLOOKUP(Tbl_Summary[[#This Row],[NO]],Tbl_SM[NO],Tbl_SM[DUE STATUS])),"") -> > 14 HARI | AR5: =IFERROR(IF(OR(Tbl_Summary[[#This Row],[NO]]="",Tbl_Summary[[#This Row],[NO]]="N/A"),"",_xlfn.XLOOKUP(Tbl_Summary[[#This Row],[NO]],Tbl_SM[NO],Tbl_SM[COMPLETION])),"") -> 0.52666667 | AS5: =IFERROR(IF(OR(Tbl_Summary[[#This Row],[NO]]="",Tbl_Summary[[#This Row],[NO]]="N/A"),"",_xlfn.XLOOKUP(Tbl_Summary[[#This Row],[NO]],Tbl_SM[NO],Tbl_SM[COMPLETION_FLAG])),"") -> 0 | AU5: ACTUAL | AV5: =IFERROR(IF('Activity Plan'!AX33=0,"N/A",'Activity Plan'!AX33),"N/A") -> 0.535 | AW5: =IFERROR(IF('Activity Plan'!AY33=0,"N/A",'Activity Plan'!AY33),"N/A") -> 0.54333333 | AX5: =IFERROR(IF('Activity Plan'!AZ33=0,"N/A",'Activity Plan'!AZ33),"N/A") -> 0.55166667 | AY5: =IFERROR(IF('Activity Plan'!BA33=0,"N/A",'Activity Plan'!BA33),"N/A") -> 0.56 | AZ5: =IFERROR(IF('Activity Plan'!BB33=0,"N/A",'Activity Plan'!BB33),"N/A") -> 0.56833333 | BA5: =IFERROR(IF('Activity Plan'!BC33=0,"N/A",'Activity Plan'!BC33),"N/A") -> 0.6 | BB5: =IFERROR(IF('Activity Plan'!BD33=0,"N/A",'Activity Plan'!BD33),"N/A") -> 0.63 | BC5: =IFERROR(IF('Activity Plan'!BE33=0,"N/A",'Activity Plan'!BE33),"N/A") -> 0.66 | ... BY5: =IFERROR(IF('Activity Plan'!CA33=0,"N/A",'Activity Plan'!CA33),"N/A") -> 1 | BZ5: =IFERROR(IF('Activity Plan'!DF33=0,"N/A",'Activity Plan'!DF33),"N/A") -> N/A | CF5: 1 | CG5: MAN | CH5: Quick Action | CI5: 2 | CJ5: 0 | CL5: FACTOR | CM5: DOZER READINESS | CN5: ACTUAL | CO5: 1 | CP5: {=IF(INDEX('Activity Plan'!$S$34:$AW$99, MATCH("*"&TRIM($B5)&"*",'Activity Plan'!$D$35:$D$100,0)+MATCH($C5,{"PLAN";"ACTUAL";"ACHIVE"},0)-1, MATCH($D5,DAY('Activity Plan'!$S$7:$AW$7),0))=0, "N/A", INDEX('Activity Plan'!$S$34:$AW$99, MATCH("*"&TRIM($B5)&"*",'Activity Plan'!$D$35:$D$100,0)+MATCH($C5,{"PLAN";"ACTUAL";"ACHIVE"},0)-1, MATCH($D5,DAY('Activity Plan'!$S$7:$AW$7),0)))} -> 15 | CR5: 2 | CS5: FEBRUARI | CU5: ='Activity Plan'!S7 -> 46174 | CV5: ACTUAL | CW5: =IFERROR(IF('Activity Plan'!AX33=0,"N/A",'Activity Plan'!AX33),"N/A") -> 0.535 | CZ5: =CZ4+1 -> 2 | DA5: =SUMIFS(TBL_ACHIVEMENT[VALUE], TBL_ACHIVEMENT[DATE],TBL_ACHIVEMENT[[#This Row],[DATE]], TBL_ACHIVEMENT[CATEGORY],"PLAN") -> 0.08 | DB5: =SUMIFS(TBL_ACHIVEMENT[VALUE], TBL_ACHIVEMENT[DATE],TBL_ACHIVEMENT[[#This Row],[DATE]], TBL_ACHIVEMENT[CATEGORY],"ACTUAL") -> 0.54333333 | DC5: =SUMIFS(TBL_DOZER_READINESS[VALUE], TBL_DOZER_READINESS[DATE],TBL_DOZER_READINESS[[#This Row],[DATE]], TBL_DOZER_READINESS[CATEGORY],"ACTUAL") -> 15 | DD5: =SUMIFS(TBL_PA_DOZER[VALUE], TBL_PA_DOZER[DATE],TBL_PA_DOZER[[#This Row],[DATE]], TBL_PA_DOZER[CATEGORY],"ACTUAL") -> 0.87 | DE5: =SUMIFS(Tbl_MTBF[VALUE], Tbl_MTBF[DATE],Tbl_MTBF[[#This Row],[DATE]], Tbl_MTBF[CATEGORY],"ACTUAL") -> 80 | DF5: =SUMIFS(Tbl_MTTR[VALUE], Tbl_MTTR[DATE],Tbl_MTTR[[#This Row],[DATE]], Tbl_MTTR[CATEGORY],"ACTUAL") -> 80
B6: DOZER READINESS | C6: PLAN | D6: 2 | E6: {=IF(INDEX('Activity Plan'!$S$34:$AW$99, MATCH("*"&TRIM($B6)&"*",'Activity Plan'!$D$35:$D$100,0)+MATCH($C6,{"PLAN";"ACTUAL";"ACHIVE"},0)-1, MATCH($D6,DAY('Activity Plan'!$S$7:$AW$7),0))=0, "N/A", INDEX('Activity Plan'!$S$34:$AW$99, MATCH("*"&TRIM($B6)&"*",'Activity Plan'!$D$35:$D$100,0)+MATCH($C6,{"PLAN";"ACTUAL";"ACHIVE"},0)-1, MATCH($D6,DAY('Activity Plan'!$S$7:$AW$7),0)))} -> 16 | G6: PA ALL DOZER | H6: PLAN | I6: 2 | J6: {=IF(INDEX('Activity Plan'!$S$34:$AW$99, MATCH("*"&TRIM($G6)&"*",'Activity Plan'!$D$35:$D$100,0)+MATCH($H6,{"PLAN";"ACTUAL";"ACHIVE"},0)-1, MATCH($I6,DAY('Activity Plan'!$S$7:$AW$7),0))=0, "N/A", INDEX('Activity Plan'!$S$34:$AW$99, MATCH("*"&TRIM($G6)&"*",'Activity Plan'!$D$35:$D$100,0)+MATCH($H6,{"PLAN";"ACTUAL";"ACHIVE"},0)-1, MATCH($I6,DAY('Activity Plan'!$S$7:$AW$7),0)))} -> 0.9 | L6: MTBF | M6: PLAN | N6: 2 | O6: {=IF(INDEX('Activity Plan'!$S$34:$AW$99, MATCH("*"&TRIM($L6)&"*",'Activity Plan'!$D$35:$D$100,0)+MATCH($M6,{"PLAN";"ACTUAL";"ACHIVE"},0)-1, MATCH($N6,DAY('Activity Plan'!$S$7:$AW$7),0))=0, "N/A", INDEX('Activity Plan'!$S$34:$AW$99, MATCH("*"&TRIM($L6)&"*",'Activity Plan'!$D$35:$D$100,0)+MATCH($M6,{"PLAN";"ACTUAL";"ACHIVE"},0)-1, MATCH($N6,DAY('Activity Plan'!$S$7:$AW$7),0)))} -> 70 | Q6: MTTR | R6: PLAN | S6: 2 | T6: {=IF(INDEX('Activity Plan'!$S$34:$AW$99, MATCH("*"&TRIM($Q6)&"*",'Activity Plan'!$D$35:$D$100,0)+MATCH($R6,{"PLAN";"ACTUAL";"ACHIVE"},0)-1, MATCH($S6,DAY('Activity Plan'!$S$7:$AW$7),0))=0, "N/A", INDEX('Activity Plan'!$S$34:$AW$99, MATCH("*"&TRIM($Q6)&"*",'Activity Plan'!$D$35:$D$100,0)+MATCH($R6,{"PLAN";"ACTUAL";"ACHIVE"},0)-1, MATCH($S6,DAY('Activity Plan'!$S$7:$AW$7),0)))} -> 80 | V6: DOZER READINESS | W6: ACHIVE | X6: 3 | Y6: {=IF(INDEX('Activity Plan'!$S$34:$AW$99, MATCH("*"&TRIM($V6)&"*",'Activity Plan'!$D$35:$D$100,0)+MATCH($W6,{"PLAN";"ACTUAL";"ACHIVE"},0)-1, MATCH($X6,DAY('Activity Plan'!$S$7:$AW$7),0))=0, "N/A", INDEX('Activity Plan'!$S$34:$AW$99, MATCH("*"&TRIM($V6)&"*",'Activity Plan'!$D$35:$D$100,0)+MATCH($W6,{"PLAN";"ACTUAL";"ACHIVE"},0)-1, MATCH($X6,DAY('Activity Plan'!$S$7:$AW$7),0)))} -> 0.875 | AA6: DAILY ACHIVEMENT | AB6: PLAN | AC6: 3 | AD6: ='Activity Plan'!U33 -> 0.1 | AF6: =IF(ROWS($Z$15:Z17)>COUNTA(Tbl_SM[NO]),"N/A",ROWS($Z$15:Z17)) -> 3 | AG6: =IF(OR(Tbl_Summary[[#This Row],[NO]]="",Tbl_Summary[[#This Row],[NO]]="N/A"),"",_xlfn.XLOOKUP(Tbl_Summary[[#This Row],[NO]],Tbl_SM[NO],Tbl_SM[5 FACTOR])) -> MAN | AH6: =IF(OR(Tbl_Summary[[#This Row],[NO]]="",Tbl_Summary[[#This Row],[NO]]="N/A"),"",_xlfn.XLOOKUP(Tbl_Summary[[#This Row],[NO]],Tbl_SM[NO],Tbl_SM[CATEGORY])) -> Quick Action | AI6: =IF(OR(Tbl_Summary[[#This Row],[NO]]="",Tbl_Summary[[#This Row],[NO]]="N/A"),"",_xlfn.XLOOKUP(Tbl_Summary[[#This Row],[NO]],Tbl_SM[NO],Tbl_SM[PIC])) -> GS-PIC LV | AJ6: =IF(OR(Tbl_Summary[[#This Row],[NO]]="",Tbl_Summary[[#This Row],[NO]]="N/A"),"",_xlfn.XLOOKUP(Tbl_Summary[[#This Row],[NO]],Tbl_SM[NO],Tbl_SM[PLAN START])) -> 46181 | AK6: =IF(OR(Tbl_Summary[[#This Row],[NO]]="",Tbl_Summary[[#This Row],[NO]]="N/A"),"",_xlfn.XLOOKUP(Tbl_Summary[[#This Row],[NO]],Tbl_SM[NO],Tbl_SM[DUE DATA])) -> 46188 | AL6: =IF(OR(Tbl_Summary[[#This Row],[NO]]="",Tbl_Summary[[#This Row],[NO]]="N/A"),"",_xlfn.XLOOKUP(Tbl_Summary[[#This Row],[NO]],Tbl_SM[NO],Tbl_SM[PLAN DURATION])) -> 8 | AM6: =IFERROR(IF(OR(Tbl_Summary[[#This Row],[NO]]="",Tbl_Summary[[#This Row],[NO]]="N/A"),"",_xlfn.XLOOKUP(Tbl_Summary[[#This Row],[NO]],Tbl_SM[NO],Tbl_SM[ACTUAL START])),"") -> 0 | AN6: =IFERROR(IF(OR(Tbl_Summary[[#This Row],[NO]]="",Tbl_Summary[[#This Row],[NO]]="N/A"),"N/A", IF(_xlfn.XLOOKUP(Tbl_Summary[[#This Row],[NO]],Tbl_SM[NO],Tbl_SM[ACTUAL FINISH])=0,"N/A", _xlfn.XLOOKUP(Tbl_Summary[[#This Row],[NO]],Tbl_SM[NO],Tbl_SM[ACTUAL FINISH]))),"N/A") -> N/A | AO6: =IFERROR(IF(OR(Tbl_Summary[[#This Row],[NO]]="",Tbl_Summary[[#This Row],[NO]]="N/A"),"",_xlfn.XLOOKUP(Tbl_Summary[[#This Row],[NO]],Tbl_SM[NO],Tbl_SM[ACTUAL DURATION])),"") -> No Progress | AP6: =IFERROR(IF(OR(Tbl_Summary[[#This Row],[NO]]="",Tbl_Summary[[#This Row],[NO]]="N/A"),"",_xlfn.XLOOKUP(Tbl_Summary[[#This Row],[NO]],Tbl_SM[NO],Tbl_SM[STATUS])),"") -> OPEN | AQ6: =IFERROR(IF(OR(Tbl_Summary[[#This Row],[NO]]="",Tbl_Summary[[#This Row],[NO]]="N/A"),"",_xlfn.XLOOKUP(Tbl_Summary[[#This Row],[NO]],Tbl_SM[NO],Tbl_SM[DUE STATUS])),"") -> < 7 HARI | AR6: =IFERROR(IF(OR(Tbl_Summary[[#This Row],[NO]]="",Tbl_Summary[[#This Row],[NO]]="N/A"),"",_xlfn.XLOOKUP(Tbl_Summary[[#This Row],[NO]],Tbl_SM[NO],Tbl_SM[COMPLETION])),"") -> 0.52666667 | AS6: =IFERROR(IF(OR(Tbl_Summary[[#This Row],[NO]]="",Tbl_Summary[[#This Row],[NO]]="N/A"),"",_xlfn.XLOOKUP(Tbl_Summary[[#This Row],[NO]],Tbl_SM[NO],Tbl_SM[COMPLETION_FLAG])),"") -> 0 | CF6: 1 | CG6: MAN | CH6: Quick Action | CI6: 3 | CJ6: 0 | CL6: FACTOR | CM6: DOZER READINESS | CN6: PLAN | CO6: 2 | CP6: {=IF(INDEX('Activity Plan'!$S$34:$AW$99, MATCH("*"&TRIM($B6)&"*",'Activity Plan'!$D$35:$D$100,0)+MATCH($C6,{"PLAN";"ACTUAL";"ACHIVE"},0)-1, MATCH($D6,DAY('Activity Plan'!$S$7:$AW$7),0))=0, "N/A", INDEX('Activity Plan'!$S$34:$AW$99, MATCH("*"&TRIM($B6)&"*",'Activity Plan'!$D$35:$D$100,0)+MATCH($C6,{"PLAN";"ACTUAL";"ACHIVE"},0)-1, MATCH($D6,DAY('Activity Plan'!$S$7:$AW$7),0)))} -> 16 | CR6: 3 | CS6: MARET | CU6: ='Activity Plan'!T7 -> 46175 | CV6: PLAN | CW6: =IFERROR(IF('Activity Plan'!T33=0,"N/A",'Activity Plan'!T33),"N/A") -> 0.08 | CZ6: =CZ5+1 -> 3 | DA6: =SUMIFS(TBL_ACHIVEMENT[VALUE], TBL_ACHIVEMENT[DATE],TBL_ACHIVEMENT[[#This Row],[DATE]], TBL_ACHIVEMENT[CATEGORY],"PLAN") -> 0.1 | DB6: =SUMIFS(TBL_ACHIVEMENT[VALUE], TBL_ACHIVEMENT[DATE],TBL_ACHIVEMENT[[#This Row],[DATE]], TBL_ACHIVEMENT[CATEGORY],"ACTUAL") -> 0.55166667 | DC6: =SUMIFS(TBL_DOZER_READINESS[VALUE], TBL_DOZER_READINESS[DATE],TBL_DOZER_READINESS[[#This Row],[DATE]], TBL_DOZER_READINESS[CATEGORY],"ACTUAL") -> 13 | DD6: =SUMIFS(TBL_PA_DOZER[VALUE], TBL_PA_DOZER[DATE],TBL_PA_DOZER[[#This Row],[DATE]], TBL_PA_DOZER[CATEGORY],"ACTUAL") -> 0.8 | DE6: =SUMIFS(Tbl_MTBF[VALUE], Tbl_MTBF[DATE],Tbl_MTBF[[#This Row],[DATE]], Tbl_MTBF[CATEGORY],"ACTUAL") -> 60 | DF6: =SUMIFS(Tbl_MTTR[VALUE], Tbl_MTTR[DATE],Tbl_MTTR[[#This Row],[DATE]], Tbl_MTTR[CATEGORY],"ACTUAL") -> 60
B7: DOZER READINESS | C7: ACTUAL | D7: 2 | E7: {=IF(INDEX('Activity Plan'!$S$34:$AW$99, MATCH("*"&TRIM($B7)&"*",'Activity Plan'!$D$35:$D$100,0)+MATCH($C7,{"PLAN";"ACTUAL";"ACHIVE"},0)-1, MATCH($D7,DAY('Activity Plan'!$S$7:$AW$7),0))=0, "N/A", INDEX('Activity Plan'!$S$34:$AW$99, MATCH("*"&TRIM($B7)&"*",'Activity Plan'!$D$35:$D$100,0)+MATCH($C7,{"PLAN";"ACTUAL";"ACHIVE"},0)-1, MATCH($D7,DAY('Activity Plan'!$S$7:$AW$7),0)))} -> 13 | G7: PA ALL DOZER | H7: ACTUAL | I7: 2 | J7: {=IF(INDEX('Activity Plan'!$S$34:$AW$99, MATCH("*"&TRIM($G7)&"*",'Activity Plan'!$D$35:$D$100,0)+MATCH($H7,{"PLAN";"ACTUAL";"ACHIVE"},0)-1, MATCH($I7,DAY('Activity Plan'!$S$7:$AW$7),0))=0, "N/A", INDEX('Activity Plan'!$S$34:$AW$99, MATCH("*"&TRIM($G7)&"*",'Activity Plan'!$D$35:$D$100,0)+MATCH($H7,{"PLAN";"ACTUAL";"ACHIVE"},0)-1, MATCH($I7,DAY('Activity Plan'!$S$7:$AW$7),0)))} -> 0.8 | L7: MTBF | M7: ACTUAL | N7: 2 | O7: {=IF(INDEX('Activity Plan'!$S$34:$AW$99, MATCH("*"&TRIM($L7)&"*",'Activity Plan'!$D$35:$D$100,0)+MATCH($M7,{"PLAN";"ACTUAL";"ACHIVE"},0)-1, MATCH($N7,DAY('Activity Plan'!$S$7:$AW$7),0))=0, "N/A", INDEX('Activity Plan'!$S$34:$AW$99, MATCH("*"&TRIM($L7)&"*",'Activity Plan'!$D$35:$D$100,0)+MATCH($M7,{"PLAN";"ACTUAL";"ACHIVE"},0)-1, MATCH($N7,DAY('Activity Plan'!$S$7:$AW$7),0)))} -> 60 | Q7: MTTR | R7: ACTUAL | S7: 2 | T7: {=IF(INDEX('Activity Plan'!$S$34:$AW$99, MATCH("*"&TRIM($Q7)&"*",'Activity Plan'!$D$35:$D$100,0)+MATCH($R7,{"PLAN";"ACTUAL";"ACHIVE"},0)-1, MATCH($S7,DAY('Activity Plan'!$S$7:$AW$7),0))=0, "N/A", INDEX('Activity Plan'!$S$34:$AW$99, MATCH("*"&TRIM($Q7)&"*",'Activity Plan'!$D$35:$D$100,0)+MATCH($R7,{"PLAN";"ACTUAL";"ACHIVE"},0)-1, MATCH($S7,DAY('Activity Plan'!$S$7:$AW$7),0)))} -> 60 | V7: DOZER READINESS | W7: ACHIVE | X7: 4 | Y7: {=IF(INDEX('Activity Plan'!$S$34:$AW$99, MATCH("*"&TRIM($V7)&"*",'Activity Plan'!$D$35:$D$100,0)+MATCH($W7,{"PLAN";"ACTUAL";"ACHIVE"},0)-1, MATCH($X7,DAY('Activity Plan'!$S$7:$AW$7),0))=0, "N/A", INDEX('Activity Plan'!$S$34:$AW$99, MATCH("*"&TRIM($V7)&"*",'Activity Plan'!$D$35:$D$100,0)+MATCH($W7,{"PLAN";"ACTUAL";"ACHIVE"},0)-1, MATCH($X7,DAY('Activity Plan'!$S$7:$AW$7),0)))} -> 0.6875 | AA7: DAILY ACHIVEMENT | AB7: PLAN | AC7: 4 | AD7: ='Activity Plan'!V33 -> 0.12666667 | AF7: =IF(ROWS($Z$15:Z18)>COUNTA(Tbl_SM[NO]),"N/A",ROWS($Z$15:Z18)) -> 4 | AG7: =IF(OR(Tbl_Summary[[#This Row],[NO]]="",Tbl_Summary[[#This Row],[NO]]="N/A"),"",_xlfn.XLOOKUP(Tbl_Summary[[#This Row],[NO]],Tbl_SM[NO],Tbl_SM[5 FACTOR])) -> MAN | AH7: =IF(OR(Tbl_Summary[[#This Row],[NO]]="",Tbl_Summary[[#This Row],[NO]]="N/A"),"",_xlfn.XLOOKUP(Tbl_Summary[[#This Row],[NO]],Tbl_SM[NO],Tbl_SM[CATEGORY])) -> Quick Action | AI7: =IF(OR(Tbl_Summary[[#This Row],[NO]]="",Tbl_Summary[[#This Row],[NO]]="N/A"),"",_xlfn.XLOOKUP(Tbl_Summary[[#This Row],[NO]],Tbl_SM[NO],Tbl_SM[PIC])) -> PLANT-GS | AJ7: =IF(OR(Tbl_Summary[[#This Row],[NO]]="",Tbl_Summary[[#This Row],[NO]]="N/A"),"",_xlfn.XLOOKUP(Tbl_Summary[[#This Row],[NO]],Tbl_SM[NO],Tbl_SM[PLAN START])) -> 46183 | AK7: =IF(OR(Tbl_Summary[[#This Row],[NO]]="",Tbl_Summary[[#This Row],[NO]]="N/A"),"",_xlfn.XLOOKUP(Tbl_Summary[[#This Row],[NO]],Tbl_SM[NO],Tbl_SM[DUE DATA])) -> 46206 | AL7: =IF(OR(Tbl_Summary[[#This Row],[NO]]="",Tbl_Summary[[#This Row],[NO]]="N/A"),"",_xlfn.XLOOKUP(Tbl_Summary[[#This Row],[NO]],Tbl_SM[NO],Tbl_SM[PLAN DURATION])) -> 24 | AM7: =IFERROR(IF(OR(Tbl_Summary[[#This Row],[NO]]="",Tbl_Summary[[#This Row],[NO]]="N/A"),"",_xlfn.XLOOKUP(Tbl_Summary[[#This Row],[NO]],Tbl_SM[NO],Tbl_SM[ACTUAL START])),"") -> 0 | AN7: =IFERROR(IF(OR(Tbl_Summary[[#This Row],[NO]]="",Tbl_Summary[[#This Row],[NO]]="N/A"),"N/A", IF(_xlfn.XLOOKUP(Tbl_Summary[[#This Row],[NO]],Tbl_SM[NO],Tbl_SM[ACTUAL FINISH])=0,"N/A", _xlfn.XLOOKUP(Tbl_Summary[[#This Row],[NO]],Tbl_SM[NO],Tbl_SM[ACTUAL FINISH]))),"N/A") -> N/A | AO7: =IFERROR(IF(OR(Tbl_Summary[[#This Row],[NO]]="",Tbl_Summary[[#This Row],[NO]]="N/A"),"",_xlfn.XLOOKUP(Tbl_Summary[[#This Row],[NO]],Tbl_SM[NO],Tbl_SM[ACTUAL DURATION])),"") -> No Progress | AP7: =IFERROR(IF(OR(Tbl_Summary[[#This Row],[NO]]="",Tbl_Summary[[#This Row],[NO]]="N/A"),"",_xlfn.XLOOKUP(Tbl_Summary[[#This Row],[NO]],Tbl_SM[NO],Tbl_SM[STATUS])),"") -> OPEN | AQ7: =IFERROR(IF(OR(Tbl_Summary[[#This Row],[NO]]="",Tbl_Summary[[#This Row],[NO]]="N/A"),"",_xlfn.XLOOKUP(Tbl_Summary[[#This Row],[NO]],Tbl_SM[NO],Tbl_SM[DUE STATUS])),"") -> > 14 HARI | AR7: =IFERROR(IF(OR(Tbl_Summary[[#This Row],[NO]]="",Tbl_Summary[[#This Row],[NO]]="N/A"),"",_xlfn.XLOOKUP(Tbl_Summary[[#This Row],[NO]],Tbl_SM[NO],Tbl_SM[COMPLETION])),"") -> 0.52666667 | AS7: =IFERROR(IF(OR(Tbl_Summary[[#This Row],[NO]]="",Tbl_Summary[[#This Row],[NO]]="N/A"),"",_xlfn.XLOOKUP(Tbl_Summary[[#This Row],[NO]],Tbl_SM[NO],Tbl_SM[COMPLETION_FLAG])),"") -> 0 | AU7: Tbl_Daily ACH | CF7: 1 | CG7: MAN | CH7: Quick Action | CI7: 4 | CJ7: 0 | CL7: FACTOR | CM7: DOZER READINESS | CN7: ACTUAL | CO7: 2 | CP7: {=IF(INDEX('Activity Plan'!$S$34:$AW$99, MATCH("*"&TRIM($B7)&"*",'Activity Plan'!$D$35:$D$100,0)+MATCH($C7,{"PLAN";"ACTUAL";"ACHIVE"},0)-1, MATCH($D7,DAY('Activity Plan'!$S$7:$AW$7),0))=0, "N/A", INDEX('Activity Plan'!$S$34:$AW$99, MATCH("*"&TRIM($B7)&"*",'Activity Plan'!$D$35:$D$100,0)+MATCH($C7,{"PLAN";"ACTUAL";"ACHIVE"},0)-1, MATCH($D7,DAY('Activity Plan'!$S$7:$AW$7),0)))} -> 13 | CR7: 4 | CS7: APRIL | CU7: ='Activity Plan'!T7 -> 46175 | CV7: ACTUAL | CW7: =IFERROR(IF('Activity Plan'!AY33=0,"N/A",'Activity Plan'!AY33),"N/A") -> 0.54333333 | CZ7: =CZ6+1 -> 4 | DA7: =SUMIFS(TBL_ACHIVEMENT[VALUE], TBL_ACHIVEMENT[DATE],TBL_ACHIVEMENT[[#This Row],[DATE]], TBL_ACHIVEMENT[CATEGORY],"PLAN") -> 0.12666667 | DB7: =SUMIFS(TBL_ACHIVEMENT[VALUE], TBL_ACHIVEMENT[DATE],TBL_ACHIVEMENT[[#This Row],[DATE]], TBL_ACHIVEMENT[CATEGORY],"ACTUAL") -> 0.56 | DC7: =SUMIFS(TBL_DOZER_READINESS[VALUE], TBL_DOZER_READINESS[DATE],TBL_DOZER_READINESS[[#This Row],[DATE]], TBL_DOZER_READINESS[CATEGORY],"ACTUAL") -> 13 | DD7: =SUMIFS(TBL_PA_DOZER[VALUE], TBL_PA_DOZER[DATE],TBL_PA_DOZER[[#This Row],[DATE]], TBL_PA_DOZER[CATEGORY],"ACTUAL") -> 0.8 | DE7: =SUMIFS(Tbl_MTBF[VALUE], Tbl_MTBF[DATE],Tbl_MTBF[[#This Row],[DATE]], Tbl_MTBF[CATEGORY],"ACTUAL") -> 60 | DF7: =SUMIFS(Tbl_MTTR[VALUE], Tbl_MTTR[DATE],Tbl_MTTR[[#This Row],[DATE]], Tbl_MTTR[CATEGORY],"ACTUAL") -> 60
B8: DOZER READINESS | C8: PLAN | D8: 3 | E8: {=IF(INDEX('Activity Plan'!$S$34:$AW$99, MATCH("*"&TRIM($B8)&"*",'Activity Plan'!$D$35:$D$100,0)+MATCH($C8,{"PLAN";"ACTUAL";"ACHIVE"},0)-1, MATCH($D8,DAY('Activity Plan'!$S$7:$AW$7),0))=0, "N/A", INDEX('Activity Plan'!$S$34:$AW$99, MATCH("*"&TRIM($B8)&"*",'Activity Plan'!$D$35:$D$100,0)+MATCH($C8,{"PLAN";"ACTUAL";"ACHIVE"},0)-1, MATCH($D8,DAY('Activity Plan'!$S$7:$AW$7),0)))} -> 16 | G8: PA ALL DOZER | H8: PLAN | I8: 3 | J8: {=IF(INDEX('Activity Plan'!$S$34:$AW$99, MATCH("*"&TRIM($G8)&"*",'Activity Plan'!$D$35:$D$100,0)+MATCH($H8,{"PLAN";"ACTUAL";"ACHIVE"},0)-1, MATCH($I8,DAY('Activity Plan'!$S$7:$AW$7),0))=0, "N/A", INDEX('Activity Plan'!$S$34:$AW$99, MATCH("*"&TRIM($G8)&"*",'Activity Plan'!$D$35:$D$100,0)+MATCH($H8,{"PLAN";"ACTUAL";"ACHIVE"},0)-1, MATCH($I8,DAY('Activity Plan'!$S$7:$AW$7),0)))} -> 0.9 | L8: MTBF | M8: PLAN | N8: 3 | O8: {=IF(INDEX('Activity Plan'!$S$34:$AW$99, MATCH("*"&TRIM($L8)&"*",'Activity Plan'!$D$35:$D$100,0)+MATCH($M8,{"PLAN";"ACTUAL";"ACHIVE"},0)-1, MATCH($N8,DAY('Activity Plan'!$S$7:$AW$7),0))=0, "N/A", INDEX('Activity Plan'!$S$34:$AW$99, MATCH("*"&TRIM($L8)&"*",'Activity Plan'!$D$35:$D$100,0)+MATCH($M8,{"PLAN";"ACTUAL";"ACHIVE"},0)-1, MATCH($N8,DAY('Activity Plan'!$S$7:$AW$7),0)))} -> 70 | Q8: MTTR | R8: PLAN | S8: 3 | T8: {=IF(INDEX('Activity Plan'!$S$34:$AW$99, MATCH("*"&TRIM($Q8)&"*",'Activity Plan'!$D$35:$D$100,0)+MATCH($R8,{"PLAN";"ACTUAL";"ACHIVE"},0)-1, MATCH($S8,DAY('Activity Plan'!$S$7:$AW$7),0))=0, "N/A", INDEX('Activity Plan'!$S$34:$AW$99, MATCH("*"&TRIM($Q8)&"*",'Activity Plan'!$D$35:$D$100,0)+MATCH($R8,{"PLAN";"ACTUAL";"ACHIVE"},0)-1, MATCH($S8,DAY('Activity Plan'!$S$7:$AW$7),0)))} -> 80 | V8: DOZER READINESS | W8: ACHIVE | X8: 5 | Y8: {=IF(INDEX('Activity Plan'!$S$34:$AW$99, MATCH("*"&TRIM($V8)&"*",'Activity Plan'!$D$35:$D$100,0)+MATCH($W8,{"PLAN";"ACTUAL";"ACHIVE"},0)-1, MATCH($X8,DAY('Activity Plan'!$S$7:$AW$7),0))=0, "N/A", INDEX('Activity Plan'!$S$34:$AW$99, MATCH("*"&TRIM($V8)&"*",'Activity Plan'!$D$35:$D$100,0)+MATCH($W8,{"PLAN";"ACTUAL";"ACHIVE"},0)-1, MATCH($X8,DAY('Activity Plan'!$S$7:$AW$7),0)))} -> 1 | AA8: DAILY ACHIVEMENT | AB8: PLAN | AC8: 5 | AD8: ='Activity Plan'!W33 -> 0.15166667 | AF8: =IF(ROWS($Z$15:Z19)>COUNTA(Tbl_SM[NO]),"N/A",ROWS($Z$15:Z19)) -> 5 | AG8: =IF(OR(Tbl_Summary[[#This Row],[NO]]="",Tbl_Summary[[#This Row],[NO]]="N/A"),"",_xlfn.XLOOKUP(Tbl_Summary[[#This Row],[NO]],Tbl_SM[NO],Tbl_SM[5 FACTOR])) -> MAN | AH8: =IF(OR(Tbl_Summary[[#This Row],[NO]]="",Tbl_Summary[[#This Row],[NO]]="N/A"),"",_xlfn.XLOOKUP(Tbl_Summary[[#This Row],[NO]],Tbl_SM[NO],Tbl_SM[CATEGORY])) -> Long Term / Development | AI8: =IF(OR(Tbl_Summary[[#This Row],[NO]]="",Tbl_Summary[[#This Row],[NO]]="N/A"),"",_xlfn.XLOOKUP(Tbl_Summary[[#This Row],[NO]],Tbl_SM[NO],Tbl_SM[PIC])) -> PLANT-SLD | AJ8: =IF(OR(Tbl_Summary[[#This Row],[NO]]="",Tbl_Summary[[#This Row],[NO]]="N/A"),"",_xlfn.XLOOKUP(Tbl_Summary[[#This Row],[NO]],Tbl_SM[NO],Tbl_SM[PLAN START])) -> 46195 | AK8: =IF(OR(Tbl_Summary[[#This Row],[NO]]="",Tbl_Summary[[#This Row],[NO]]="N/A"),"",_xlfn.XLOOKUP(Tbl_Summary[[#This Row],[NO]],Tbl_SM[NO],Tbl_SM[DUE DATA])) -> 46248 | AL8: =IF(OR(Tbl_Summary[[#This Row],[NO]]="",Tbl_Summary[[#This Row],[NO]]="N/A"),"",_xlfn.XLOOKUP(Tbl_Summary[[#This Row],[NO]],Tbl_SM[NO],Tbl_SM[PLAN DURATION])) -> 54 | AM8: =IFERROR(IF(OR(Tbl_Summary[[#This Row],[NO]]="",Tbl_Summary[[#This Row],[NO]]="N/A"),"",_xlfn.XLOOKUP(Tbl_Summary[[#This Row],[NO]],Tbl_SM[NO],Tbl_SM[ACTUAL START])),"") -> 0 | AN8: =IFERROR(IF(OR(Tbl_Summary[[#This Row],[NO]]="",Tbl_Summary[[#This Row],[NO]]="N/A"),"N/A", IF(_xlfn.XLOOKUP(Tbl_Summary[[#This Row],[NO]],Tbl_SM[NO],Tbl_SM[ACTUAL FINISH])=0,"N/A", _xlfn.XLOOKUP(Tbl_Summary[[#This Row],[NO]],Tbl_SM[NO],Tbl_SM[ACTUAL FINISH]))),"N/A") -> N/A | AO8: =IFERROR(IF(OR(Tbl_Summary[[#This Row],[NO]]="",Tbl_Summary[[#This Row],[NO]]="N/A"),"",_xlfn.XLOOKUP(Tbl_Summary[[#This Row],[NO]],Tbl_SM[NO],Tbl_SM[ACTUAL DURATION])),"") -> No Progress | AP8: =IFERROR(IF(OR(Tbl_Summary[[#This Row],[NO]]="",Tbl_Summary[[#This Row],[NO]]="N/A"),"",_xlfn.XLOOKUP(Tbl_Summary[[#This Row],[NO]],Tbl_SM[NO],Tbl_SM[STATUS])),"") -> OPEN | AQ8: =IFERROR(IF(OR(Tbl_Summary[[#This Row],[NO]]="",Tbl_Summary[[#This Row],[NO]]="N/A"),"",_xlfn.XLOOKUP(Tbl_Summary[[#This Row],[NO]],Tbl_SM[NO],Tbl_SM[DUE STATUS])),"") -> > 14 HARI | AR8: =IFERROR(IF(OR(Tbl_Summary[[#This Row],[NO]]="",Tbl_Summary[[#This Row],[NO]]="N/A"),"",_xlfn.XLOOKUP(Tbl_Summary[[#This Row],[NO]],Tbl_SM[NO],Tbl_SM[COMPLETION])),"") -> 0.52666667 | AS8: =IFERROR(IF(OR(Tbl_Summary[[#This Row],[NO]]="",Tbl_Summary[[#This Row],[NO]]="N/A"),"",_xlfn.XLOOKUP(Tbl_Summary[[#This Row],[NO]],Tbl_SM[NO],Tbl_SM[COMPLETION_FLAG])),"") -> 0 | AU8: NO | AV8: 5 FACTOR | AW8: CATEGORY | AX8: 1 | AY8: 2 | AZ8: 3 | BA8: 4 | BB8: 5 | BC8: 6 | BD8: 7 | BE8: 8 | BF8: 9 | BG8: 10 | BH8: 11 | BI8: 12 | BJ8: 13 | BK8: 14 | BL8: 15 | BM8: 16 | BN8: 17 | BO8: 18 | BP8: 19 | BQ8: 20 | BR8: 21 | BS8: 22 | BT8: 23 | BU8: 24 | BV8: 25 | BW8: 26 | BX8: 27 | BY8: 28 | BZ8: 29 | CA8: 30 | CB8: 31 | CF8: 1 | CG8: MAN | CH8: Quick Action | CI8: 5 | CJ8: 0 | CL8: FACTOR | CM8: DOZER READINESS | CN8: PLAN | CO8: 3 | CP8: {=IF(INDEX('Activity Plan'!$S$34:$AW$99, MATCH("*"&TRIM($B8)&"*",'Activity Plan'!$D$35:$D$100,0)+MATCH($C8,{"PLAN";"ACTUAL";"ACHIVE"},0)-1, MATCH($D8,DAY('Activity Plan'!$S$7:$AW$7),0))=0, "N/A", INDEX('Activity Plan'!$S$34:$AW$99, MATCH("*"&TRIM($B8)&"*",'Activity Plan'!$D$35:$D$100,0)+MATCH($C8,{"PLAN";"ACTUAL";"ACHIVE"},0)-1, MATCH($D8,DAY('Activity Plan'!$S$7:$AW$7),0)))} -> 16 | CR8: 5 | CS8: MEI | CU8: ='Activity Plan'!U7 -> 46176 | CV8: PLAN | CW8: =IFERROR(IF('Activity Plan'!U33=0,"N/A",'Activity Plan'!U33),"N/A") -> 0.1 | CZ8: =CZ7+1 -> 5 | DA8: =SUMIFS(TBL_ACHIVEMENT[VALUE], TBL_ACHIVEMENT[DATE],TBL_ACHIVEMENT[[#This Row],[DATE]], TBL_ACHIVEMENT[CATEGORY],"PLAN") -> 0.15166667 | DB8: =SUMIFS(TBL_ACHIVEMENT[VALUE], TBL_ACHIVEMENT[DATE],TBL_ACHIVEMENT[[#This Row],[DATE]], TBL_ACHIVEMENT[CATEGORY],"ACTUAL") -> 0.56833333 | DC8: =SUMIFS(TBL_DOZER_READINESS[VALUE], TBL_DOZER_READINESS[DATE],TBL_DOZER_READINESS[[#This Row],[DATE]], TBL_DOZER_READINESS[CATEGORY],"ACTUAL") -> 14 | DD8: =SUMIFS(TBL_PA_DOZER[VALUE], TBL_PA_DOZER[DATE],TBL_PA_DOZER[[#This Row],[DATE]], TBL_PA_DOZER[CATEGORY],"ACTUAL") -> 0.83 | DE8: =SUMIFS(Tbl_MTBF[VALUE], Tbl_MTBF[DATE],Tbl_MTBF[[#This Row],[DATE]], Tbl_MTBF[CATEGORY],"ACTUAL") -> 50 | DF8: =SUMIFS(Tbl_MTTR[VALUE], Tbl_MTTR[DATE],Tbl_MTTR[[#This Row],[DATE]], Tbl_MTTR[CATEGORY],"ACTUAL") -> 50
B9: DOZER READINESS | C9: ACTUAL | D9: 3 | E9: {=IF(INDEX('Activity Plan'!$S$34:$AW$99, MATCH("*"&TRIM($B9)&"*",'Activity Plan'!$D$35:$D$100,0)+MATCH($C9,{"PLAN";"ACTUAL";"ACHIVE"},0)-1, MATCH($D9,DAY('Activity Plan'!$S$7:$AW$7),0))=0, "N/A", INDEX('Activity Plan'!$S$34:$AW$99, MATCH("*"&TRIM($B9)&"*",'Activity Plan'!$D$35:$D$100,0)+MATCH($C9,{"PLAN";"ACTUAL";"ACHIVE"},0)-1, MATCH($D9,DAY('Activity Plan'!$S$7:$AW$7),0)))} -> 14 | G9: PA ALL DOZER | H9: ACTUAL | I9: 3 | J9: {=IF(INDEX('Activity Plan'!$S$34:$AW$99, MATCH("*"&TRIM($G9)&"*",'Activity Plan'!$D$35:$D$100,0)+MATCH($H9,{"PLAN";"ACTUAL";"ACHIVE"},0)-1, MATCH($I9,DAY('Activity Plan'!$S$7:$AW$7),0))=0, "N/A", INDEX('Activity Plan'!$S$34:$AW$99, MATCH("*"&TRIM($G9)&"*",'Activity Plan'!$D$35:$D$100,0)+MATCH($H9,{"PLAN";"ACTUAL";"ACHIVE"},0)-1, MATCH($I9,DAY('Activity Plan'!$S$7:$AW$7),0)))} -> 0.83 | L9: MTBF | M9: ACTUAL | N9: 3 | O9: {=IF(INDEX('Activity Plan'!$S$34:$AW$99, MATCH("*"&TRIM($L9)&"*",'Activity Plan'!$D$35:$D$100,0)+MATCH($M9,{"PLAN";"ACTUAL";"ACHIVE"},0)-1, MATCH($N9,DAY('Activity Plan'!$S$7:$AW$7),0))=0, "N/A", INDEX('Activity Plan'!$S$34:$AW$99, MATCH("*"&TRIM($L9)&"*",'Activity Plan'!$D$35:$D$100,0)+MATCH($M9,{"PLAN";"ACTUAL";"ACHIVE"},0)-1, MATCH($N9,DAY('Activity Plan'!$S$7:$AW$7),0)))} -> 50 | Q9: MTTR | R9: ACTUAL | S9: 3 | T9: {=IF(INDEX('Activity Plan'!$S$34:$AW$99, MATCH("*"&TRIM($Q9)&"*",'Activity Plan'!$D$35:$D$100,0)+MATCH($R9,{"PLAN";"ACTUAL";"ACHIVE"},0)-1, MATCH($S9,DAY('Activity Plan'!$S$7:$AW$7),0))=0, "N/A", INDEX('Activity Plan'!$S$34:$AW$99, MATCH("*"&TRIM($Q9)&"*",'Activity Plan'!$D$35:$D$100,0)+MATCH($R9,{"PLAN";"ACTUAL";"ACHIVE"},0)-1, MATCH($S9,DAY('Activity Plan'!$S$7:$AW$7),0)))} -> 50 | V9: DOZER READINESS | W9: ACHIVE | X9: 6 | Y9: {=IF(INDEX('Activity Plan'!$S$34:$AW$99, MATCH("*"&TRIM($V9)&"*",'Activity Plan'!$D$35:$D$100,0)+MATCH($W9,{"PLAN";"ACTUAL";"ACHIVE"},0)-1, MATCH($X9,DAY('Activity Plan'!$S$7:$AW$7),0))=0, "N/A", INDEX('Activity Plan'!$S$34:$AW$99, MATCH("*"&TRIM($V9)&"*",'Activity Plan'!$D$35:$D$100,0)+MATCH($W9,{"PLAN";"ACTUAL";"ACHIVE"},0)-1, MATCH($X9,DAY('Activity Plan'!$S$7:$AW$7),0)))} -> 0.875 | AA9: DAILY ACHIVEMENT | AB9: PLAN | AC9: 6 | AD9: ='Activity Plan'!X33 -> 0.17666667 | AF9: =IF(ROWS($Z$15:Z20)>COUNTA(Tbl_SM[NO]),"N/A",ROWS($Z$15:Z20)) -> 6 | AG9: =IF(OR(Tbl_Summary[[#This Row],[NO]]="",Tbl_Summary[[#This Row],[NO]]="N/A"),"",_xlfn.XLOOKUP(Tbl_Summary[[#This Row],[NO]],Tbl_SM[NO],Tbl_SM[5 FACTOR])) -> METHOD | AH9: =IF(OR(Tbl_Summary[[#This Row],[NO]]="",Tbl_Summary[[#This Row],[NO]]="N/A"),"",_xlfn.XLOOKUP(Tbl_Summary[[#This Row],[NO]],Tbl_SM[NO],Tbl_SM[CATEGORY])) -> Quick Action | AI9: =IF(OR(Tbl_Summary[[#This Row],[NO]]="",Tbl_Summary[[#This Row],[NO]]="N/A"),"",_xlfn.XLOOKUP(Tbl_Summary[[#This Row],[NO]],Tbl_SM[NO],Tbl_SM[PIC])) -> GS-PLANT-SHE | AJ9: =IF(OR(Tbl_Summary[[#This Row],[NO]]="",Tbl_Summary[[#This Row],[NO]]="N/A"),"",_xlfn.XLOOKUP(Tbl_Summary[[#This Row],[NO]],Tbl_SM[NO],Tbl_SM[PLAN START])) -> 46181 | AK9: =IF(OR(Tbl_Summary[[#This Row],[NO]]="",Tbl_Summary[[#This Row],[NO]]="N/A"),"",_xlfn.XLOOKUP(Tbl_Summary[[#This Row],[NO]],Tbl_SM[NO],Tbl_SM[DUE DATA])) -> 46199 | AL9: =IF(OR(Tbl_Summary[[#This Row],[NO]]="",Tbl_Summary[[#This Row],[NO]]="N/A"),"",_xlfn.XLOOKUP(Tbl_Summary[[#This Row],[NO]],Tbl_SM[NO],Tbl_SM[PLAN DURATION])) -> 19 | AM9: =IFERROR(IF(OR(Tbl_Summary[[#This Row],[NO]]="",Tbl_Summary[[#This Row],[NO]]="N/A"),"",_xlfn.XLOOKUP(Tbl_Summary[[#This Row],[NO]],Tbl_SM[NO],Tbl_SM[ACTUAL START])),"") -> 0 | AN9: =IFERROR(IF(OR(Tbl_Summary[[#This Row],[NO]]="",Tbl_Summary[[#This Row],[NO]]="N/A"),"N/A", IF(_xlfn.XLOOKUP(Tbl_Summary[[#This Row],[NO]],Tbl_SM[NO],Tbl_SM[ACTUAL FINISH])=0,"N/A", _xlfn.XLOOKUP(Tbl_Summary[[#This Row],[NO]],Tbl_SM[NO],Tbl_SM[ACTUAL FINISH]))),"N/A") -> N/A | AO9: =IFERROR(IF(OR(Tbl_Summary[[#This Row],[NO]]="",Tbl_Summary[[#This Row],[NO]]="N/A"),"",_xlfn.XLOOKUP(Tbl_Summary[[#This Row],[NO]],Tbl_SM[NO],Tbl_SM[ACTUAL DURATION])),"") -> No Progress | AP9: =IFERROR(IF(OR(Tbl_Summary[[#This Row],[NO]]="",Tbl_Summary[[#This Row],[NO]]="N/A"),"",_xlfn.XLOOKUP(Tbl_Summary[[#This Row],[NO]],Tbl_SM[NO],Tbl_SM[STATUS])),"") -> OPEN | AQ9: =IFERROR(IF(OR(Tbl_Summary[[#This Row],[NO]]="",Tbl_Summary[[#This Row],[NO]]="N/A"),"",_xlfn.XLOOKUP(Tbl_Summary[[#This Row],[NO]],Tbl_SM[NO],Tbl_SM[DUE STATUS])),"") -> > 14 HARI | AR9: =IFERROR(IF(OR(Tbl_Summary[[#This Row],[NO]]="",Tbl_Summary[[#This Row],[NO]]="N/A"),"",_xlfn.XLOOKUP(Tbl_Summary[[#This Row],[NO]],Tbl_SM[NO],Tbl_SM[COMPLETION])),"") -> 0.52666667 | AS9: =IFERROR(IF(OR(Tbl_Summary[[#This Row],[NO]]="",Tbl_Summary[[#This Row],[NO]]="N/A"),"",_xlfn.XLOOKUP(Tbl_Summary[[#This Row],[NO]],Tbl_SM[NO],Tbl_SM[COMPLETION_FLAG])),"") -> 0 | AU9: =IF(ROWS($Z$15:Z15)>COUNTA(Tbl_SM[NO]),"N/A",ROWS($Z$15:Z15)) -> 1 | AV9: =IF(OR(Table8[[#This Row],[NO]]="",Table8[[#This Row],[NO]]="N/A"),"",_xlfn.XLOOKUP(Table8[[#This Row],[NO]],Tbl_SM[NO],Tbl_SM[5 FACTOR])) -> MAN | AW9: =IF(OR(Table8[[#This Row],[NO]]="",Table8[[#This Row],[NO]]="N/A"),"",_xlfn.XLOOKUP(Table8[[#This Row],[NO]],Tbl_SM[NO],Tbl_SM[CATEGORY])) -> Quick Action | AX9: ='Activity Plan'!GU8 -> 1 | AY9: ='Activity Plan'!GV8 -> 1 | AZ9: ='Activity Plan'!GW8 -> 1 | BA9: ='Activity Plan'!GX8 -> 1 | BB9: ='Activity Plan'!GY8 -> 1 | BC9: ='Activity Plan'!GZ8 -> 1 | BD9: ='Activity Plan'!HA8 -> 1 | BE9: ='Activity Plan'!HB8 -> 1 | ... CB9: ='Activity Plan'!HY8 -> 1 | CF9: 1 | CG9: MAN | CH9: Quick Action | CI9: 6 | CJ9: 0 | CL9: FACTOR | CM9: DOZER READINESS | CN9: ACTUAL | CO9: 3 | CP9: {=IF(INDEX('Activity Plan'!$S$34:$AW$99, MATCH("*"&TRIM($B9)&"*",'Activity Plan'!$D$35:$D$100,0)+MATCH($C9,{"PLAN";"ACTUAL";"ACHIVE"},0)-1, MATCH($D9,DAY('Activity Plan'!$S$7:$AW$7),0))=0, "N/A", INDEX('Activity Plan'!$S$34:$AW$99, MATCH("*"&TRIM($B9)&"*",'Activity Plan'!$D$35:$D$100,0)+MATCH($C9,{"PLAN";"ACTUAL";"ACHIVE"},0)-1, MATCH($D9,DAY('Activity Plan'!$S$7:$AW$7),0)))} -> 14 | CR9: 6 | CS9: JUNI | CU9: ='Activity Plan'!U7 -> 46176 | CV9: ACTUAL | CW9: =IFERROR(IF('Activity Plan'!AZ33=0,"N/A",'Activity Plan'!AZ33),"N/A") -> 0.55166667 | CZ9: =CZ8+1 -> 6 | DA9: =SUMIFS(TBL_ACHIVEMENT[VALUE], TBL_ACHIVEMENT[DATE],TBL_ACHIVEMENT[[#This Row],[DATE]], TBL_ACHIVEMENT[CATEGORY],"PLAN") -> 0.17666667 | DB9: =SUMIFS(TBL_ACHIVEMENT[VALUE], TBL_ACHIVEMENT[DATE],TBL_ACHIVEMENT[[#This Row],[DATE]], TBL_ACHIVEMENT[CATEGORY],"ACTUAL") -> 0.6 | DC9: =SUMIFS(TBL_DOZER_READINESS[VALUE], TBL_DOZER_READINESS[DATE],TBL_DOZER_READINESS[[#This Row],[DATE]], TBL_DOZER_READINESS[CATEGORY],"ACTUAL") -> 14 | DD9: =SUMIFS(TBL_PA_DOZER[VALUE], TBL_PA_DOZER[DATE],TBL_PA_DOZER[[#This Row],[DATE]], TBL_PA_DOZER[CATEGORY],"ACTUAL") -> 0.83 | DE9: =SUMIFS(Tbl_MTBF[VALUE], Tbl_MTBF[DATE],Tbl_MTBF[[#This Row],[DATE]], Tbl_MTBF[CATEGORY],"ACTUAL") -> 50 | DF9: =SUMIFS(Tbl_MTTR[VALUE], Tbl_MTTR[DATE],Tbl_MTTR[[#This Row],[DATE]], Tbl_MTTR[CATEGORY],"ACTUAL") -> 50
B10: DOZER READINESS | C10: PLAN | D10: 4 | E10: {=IF(INDEX('Activity Plan'!$S$34:$AW$99, MATCH("*"&TRIM($B10)&"*",'Activity Plan'!$D$35:$D$100,0)+MATCH($C10,{"PLAN";"ACTUAL";"ACHIVE"},0)-1, MATCH($D10,DAY('Activity Plan'!$S$7:$AW$7),0))=0, "N/A", INDEX('Activity Plan'!$S$34:$AW$99, MATCH("*"&TRIM($B10)&"*",'Activity Plan'!$D$35:$D$100,0)+MATCH($C10,{"PLAN";"ACTUAL";"ACHIVE"},0)-1, MATCH($D10,DAY('Activity Plan'!$S$7:$AW$7),0)))} -> 16 | G10: PA ALL DOZER | H10: PLAN | I10: 4 | J10: {=IF(INDEX('Activity Plan'!$S$34:$AW$99, MATCH("*"&TRIM($G10)&"*",'Activity Plan'!$D$35:$D$100,0)+MATCH($H10,{"PLAN";"ACTUAL";"ACHIVE"},0)-1, MATCH($I10,DAY('Activity Plan'!$S$7:$AW$7),0))=0, "N/A", INDEX('Activity Plan'!$S$34:$AW$99, MATCH("*"&TRIM($G10)&"*",'Activity Plan'!$D$35:$D$100,0)+MATCH($H10,{"PLAN";"ACTUAL";"ACHIVE"},0)-1, MATCH($I10,DAY('Activity Plan'!$S$7:$AW$7),0)))} -> 0.9 | L10: MTBF | M10: PLAN | N10: 4 | O10: {=IF(INDEX('Activity Plan'!$S$34:$AW$99, MATCH("*"&TRIM($L10)&"*",'Activity Plan'!$D$35:$D$100,0)+MATCH($M10,{"PLAN";"ACTUAL";"ACHIVE"},0)-1, MATCH($N10,DAY('Activity Plan'!$S$7:$AW$7),0))=0, "N/A", INDEX('Activity Plan'!$S$34:$AW$99, MATCH("*"&TRIM($L10)&"*",'Activity Plan'!$D$35:$D$100,0)+MATCH($M10,{"PLAN";"ACTUAL";"ACHIVE"},0)-1, MATCH($N10,DAY('Activity Plan'!$S$7:$AW$7),0)))} -> 70 | Q10: MTTR | R10: PLAN | S10: 4 | T10: {=IF(INDEX('Activity Plan'!$S$34:$AW$99, MATCH("*"&TRIM($Q10)&"*",'Activity Plan'!$D$35:$D$100,0)+MATCH($R10,{"PLAN";"ACTUAL";"ACHIVE"},0)-1, MATCH($S10,DAY('Activity Plan'!$S$7:$AW$7),0))=0, "N/A", INDEX('Activity Plan'!$S$34:$AW$99, MATCH("*"&TRIM($Q10)&"*",'Activity Plan'!$D$35:$D$100,0)+MATCH($R10,{"PLAN";"ACTUAL";"ACHIVE"},0)-1, MATCH($S10,DAY('Activity Plan'!$S$7:$AW$7),0)))} -> 80 | V10: DOZER READINESS | W10: ACHIVE | X10: 7 | Y10: {=IF(INDEX('Activity Plan'!$S$34:$AW$99, MATCH("*"&TRIM($V10)&"*",'Activity Plan'!$D$35:$D$100,0)+MATCH($W10,{"PLAN";"ACTUAL";"ACHIVE"},0)-1, MATCH($X10,DAY('Activity Plan'!$S$7:$AW$7),0))=0, "N/A", INDEX('Activity Plan'!$S$34:$AW$99, MATCH("*"&TRIM($V10)&"*",'Activity Plan'!$D$35:$D$100,0)+MATCH($W10,{"PLAN";"ACTUAL";"ACHIVE"},0)-1, MATCH($X10,DAY('Activity Plan'!$S$7:$AW$7),0)))} -> 1 | AA10: DAILY ACHIVEMENT | AB10: PLAN | AC10: 7 | AD10: ='Activity Plan'!Y33 -> 0.20166667 | AF10: =IF(ROWS($Z$15:Z21)>COUNTA(Tbl_SM[NO]),"N/A",ROWS($Z$15:Z21)) -> 7 | AG10: =IF(OR(Tbl_Summary[[#This Row],[NO]]="",Tbl_Summary[[#This Row],[NO]]="N/A"),"",_xlfn.XLOOKUP(Tbl_Summary[[#This Row],[NO]],Tbl_SM[NO],Tbl_SM[5 FACTOR])) -> METHOD | AH10: =IF(OR(Tbl_Summary[[#This Row],[NO]]="",Tbl_Summary[[#This Row],[NO]]="N/A"),"",_xlfn.XLOOKUP(Tbl_Summary[[#This Row],[NO]],Tbl_SM[NO],Tbl_SM[CATEGORY])) -> Quick Action | AI10: =IF(OR(Tbl_Summary[[#This Row],[NO]]="",Tbl_Summary[[#This Row],[NO]]="N/A"),"",_xlfn.XLOOKUP(Tbl_Summary[[#This Row],[NO]],Tbl_SM[NO],Tbl_SM[PIC])) -> GS-PLANT | AJ10: =IF(OR(Tbl_Summary[[#This Row],[NO]]="",Tbl_Summary[[#This Row],[NO]]="N/A"),"",_xlfn.XLOOKUP(Tbl_Summary[[#This Row],[NO]],Tbl_SM[NO],Tbl_SM[PLAN START])) -> 46188 | AK10: =IF(OR(Tbl_Summary[[#This Row],[NO]]="",Tbl_Summary[[#This Row],[NO]]="N/A"),"",_xlfn.XLOOKUP(Tbl_Summary[[#This Row],[NO]],Tbl_SM[NO],Tbl_SM[DUE DATA])) -> 46206 | AL10: =IF(OR(Tbl_Summary[[#This Row],[NO]]="",Tbl_Summary[[#This Row],[NO]]="N/A"),"",_xlfn.XLOOKUP(Tbl_Summary[[#This Row],[NO]],Tbl_SM[NO],Tbl_SM[PLAN DURATION])) -> 19 | AM10: =IFERROR(IF(OR(Tbl_Summary[[#This Row],[NO]]="",Tbl_Summary[[#This Row],[NO]]="N/A"),"",_xlfn.XLOOKUP(Tbl_Summary[[#This Row],[NO]],Tbl_SM[NO],Tbl_SM[ACTUAL START])),"") -> 0 | AN10: =IFERROR(IF(OR(Tbl_Summary[[#This Row],[NO]]="",Tbl_Summary[[#This Row],[NO]]="N/A"),"N/A", IF(_xlfn.XLOOKUP(Tbl_Summary[[#This Row],[NO]],Tbl_SM[NO],Tbl_SM[ACTUAL FINISH])=0,"N/A", _xlfn.XLOOKUP(Tbl_Summary[[#This Row],[NO]],Tbl_SM[NO],Tbl_SM[ACTUAL FINISH]))),"N/A") -> N/A | AO10: =IFERROR(IF(OR(Tbl_Summary[[#This Row],[NO]]="",Tbl_Summary[[#This Row],[NO]]="N/A"),"",_xlfn.XLOOKUP(Tbl_Summary[[#This Row],[NO]],Tbl_SM[NO],Tbl_SM[ACTUAL DURATION])),"") -> No Progress | AP10: =IFERROR(IF(OR(Tbl_Summary[[#This Row],[NO]]="",Tbl_Summary[[#This Row],[NO]]="N/A"),"",_xlfn.XLOOKUP(Tbl_Summary[[#This Row],[NO]],Tbl_SM[NO],Tbl_SM[STATUS])),"") -> OPEN | AQ10: =IFERROR(IF(OR(Tbl_Summary[[#This Row],[NO]]="",Tbl_Summary[[#This Row],[NO]]="N/A"),"",_xlfn.XLOOKUP(Tbl_Summary[[#This Row],[NO]],Tbl_SM[NO],Tbl_SM[DUE STATUS])),"") -> > 14 HARI | AR10: =IFERROR(IF(OR(Tbl_Summary[[#This Row],[NO]]="",Tbl_Summary[[#This Row],[NO]]="N/A"),"",_xlfn.XLOOKUP(Tbl_Summary[[#This Row],[NO]],Tbl_SM[NO],Tbl_SM[COMPLETION])),"") -> 0.52666667 | AS10: =IFERROR(IF(OR(Tbl_Summary[[#This Row],[NO]]="",Tbl_Summary[[#This Row],[NO]]="N/A"),"",_xlfn.XLOOKUP(Tbl_Summary[[#This Row],[NO]],Tbl_SM[NO],Tbl_SM[COMPLETION_FLAG])),"") -> 0 | AU10: =IF(ROWS($Z$15:Z16)>COUNTA(Tbl_SM[NO]),"N/A",ROWS($Z$15:Z16)) -> 2 | AV10: =IF(OR(Table8[[#This Row],[NO]]="",Table8[[#This Row],[NO]]="N/A"),"",_xlfn.XLOOKUP(Table8[[#This Row],[NO]],Tbl_SM[NO],Tbl_SM[5 FACTOR])) -> MAN | AW10: =IF(OR(Table8[[#This Row],[NO]]="",Table8[[#This Row],[NO]]="N/A"),"",_xlfn.XLOOKUP(Table8[[#This Row],[NO]],Tbl_SM[NO],Tbl_SM[CATEGORY])) -> Long Term / Development | AX10: ='Activity Plan'!GU9 -> 1 | AY10: ='Activity Plan'!GV9 -> 1 | AZ10: ='Activity Plan'!GW9 -> 1 | BA10: ='Activity Plan'!GX9 -> 1 | BB10: ='Activity Plan'!GY9 -> 1 | BC10: ='Activity Plan'!GZ9 -> 1 | BD10: ='Activity Plan'!HA9 -> 1 | BE10: ='Activity Plan'!HB9 -> 1 | ... CB10: ='Activity Plan'!HY9 -> 1 | CF10: 1 | CG10: MAN | CH10: Quick Action | CI10: 7 | CJ10: 1 | CL10: FACTOR | CM10: DOZER READINESS | CN10: PLAN | CO10: 4 | CP10: {=IF(INDEX('Activity Plan'!$S$34:$AW$99, MATCH("*"&TRIM($B10)&"*",'Activity Plan'!$D$35:$D$100,0)+MATCH($C10,{"PLAN";"ACTUAL";"ACHIVE"},0)-1, MATCH($D10,DAY('Activity Plan'!$S$7:$AW$7),0))=0, "N/A", INDEX('Activity Plan'!$S$34:$AW$99, MATCH("*"&TRIM($B10)&"*",'Activity Plan'!$D$35:$D$100,0)+MATCH($C10,{"PLAN";"ACTUAL";"ACHIVE"},0)-1, MATCH($D10,DAY('Activity Plan'!$S$7:$AW$7),0)))} -> 16 | CR10: 7 | CS10: JULI | CU10: ='Activity Plan'!V7 -> 46177 | CV10: PLAN | CW10: =IFERROR(IF('Activity Plan'!V33=0,"N/A",'Activity Plan'!V33),"N/A") -> 0.12666667 | CZ10: =CZ9+1 -> 7 | DA10: =SUMIFS(TBL_ACHIVEMENT[VALUE], TBL_ACHIVEMENT[DATE],TBL_ACHIVEMENT[[#This Row],[DATE]], TBL_ACHIVEMENT[CATEGORY],"PLAN") -> 0.20166667 | DB10: =SUMIFS(TBL_ACHIVEMENT[VALUE], TBL_ACHIVEMENT[DATE],TBL_ACHIVEMENT[[#This Row],[DATE]], TBL_ACHIVEMENT[CATEGORY],"ACTUAL") -> 0.63 | DC10: =SUMIFS(TBL_DOZER_READINESS[VALUE], TBL_DOZER_READINESS[DATE],TBL_DOZER_READINESS[[#This Row],[DATE]], TBL_DOZER_READINESS[CATEGORY],"ACTUAL") -> 11 | DD10: =SUMIFS(TBL_PA_DOZER[VALUE], TBL_PA_DOZER[DATE],TBL_PA_DOZER[[#This Row],[DATE]], TBL_PA_DOZER[CATEGORY],"ACTUAL") -> 0.72 | DE10: =SUMIFS(Tbl_MTBF[VALUE], Tbl_MTBF[DATE],Tbl_MTBF[[#This Row],[DATE]], Tbl_MTBF[CATEGORY],"ACTUAL") -> 75 | DF10: =SUMIFS(Tbl_MTTR[VALUE], Tbl_MTTR[DATE],Tbl_MTTR[[#This Row],[DATE]], Tbl_MTTR[CATEGORY],"ACTUAL") -> 75
B11: DOZER READINESS | C11: ACTUAL | D11: 4 | E11: {=IF(INDEX('Activity Plan'!$S$34:$AW$99, MATCH("*"&TRIM($B11)&"*",'Activity Plan'!$D$35:$D$100,0)+MATCH($C11,{"PLAN";"ACTUAL";"ACHIVE"},0)-1, MATCH($D11,DAY('Activity Plan'!$S$7:$AW$7),0))=0, "N/A", INDEX('Activity Plan'!$S$34:$AW$99, MATCH("*"&TRIM($B11)&"*",'Activity Plan'!$D$35:$D$100,0)+MATCH($C11,{"PLAN";"ACTUAL";"ACHIVE"},0)-1, MATCH($D11,DAY('Activity Plan'!$S$7:$AW$7),0)))} -> 11 | G11: PA ALL DOZER | H11: ACTUAL | I11: 4 | J11: {=IF(INDEX('Activity Plan'!$S$34:$AW$99, MATCH("*"&TRIM($G11)&"*",'Activity Plan'!$D$35:$D$100,0)+MATCH($H11,{"PLAN";"ACTUAL";"ACHIVE"},0)-1, MATCH($I11,DAY('Activity Plan'!$S$7:$AW$7),0))=0, "N/A", INDEX('Activity Plan'!$S$34:$AW$99, MATCH("*"&TRIM($G11)&"*",'Activity Plan'!$D$35:$D$100,0)+MATCH($H11,{"PLAN";"ACTUAL";"ACHIVE"},0)-1, MATCH($I11,DAY('Activity Plan'!$S$7:$AW$7),0)))} -> 0.72 | L11: MTBF | M11: ACTUAL | N11: 4 | O11: {=IF(INDEX('Activity Plan'!$S$34:$AW$99, MATCH("*"&TRIM($L11)&"*",'Activity Plan'!$D$35:$D$100,0)+MATCH($M11,{"PLAN";"ACTUAL";"ACHIVE"},0)-1, MATCH($N11,DAY('Activity Plan'!$S$7:$AW$7),0))=0, "N/A", INDEX('Activity Plan'!$S$34:$AW$99, MATCH("*"&TRIM($L11)&"*",'Activity Plan'!$D$35:$D$100,0)+MATCH($M11,{"PLAN";"ACTUAL";"ACHIVE"},0)-1, MATCH($N11,DAY('Activity Plan'!$S$7:$AW$7),0)))} -> 75 | Q11: MTTR | R11: ACTUAL | S11: 4 | T11: {=IF(INDEX('Activity Plan'!$S$34:$AW$99, MATCH("*"&TRIM($Q11)&"*",'Activity Plan'!$D$35:$D$100,0)+MATCH($R11,{"PLAN";"ACTUAL";"ACHIVE"},0)-1, MATCH($S11,DAY('Activity Plan'!$S$7:$AW$7),0))=0, "N/A", INDEX('Activity Plan'!$S$34:$AW$99, MATCH("*"&TRIM($Q11)&"*",'Activity Plan'!$D$35:$D$100,0)+MATCH($R11,{"PLAN";"ACTUAL";"ACHIVE"},0)-1, MATCH($S11,DAY('Activity Plan'!$S$7:$AW$7),0)))} -> 75 | V11: DOZER READINESS | W11: ACHIVE | X11: 8 | Y11: {=IF(INDEX('Activity Plan'!$S$34:$AW$99, MATCH("*"&TRIM($V11)&"*",'Activity Plan'!$D$35:$D$100,0)+MATCH($W11,{"PLAN";"ACTUAL";"ACHIVE"},0)-1, MATCH($X11,DAY('Activity Plan'!$S$7:$AW$7),0))=0, "N/A", INDEX('Activity Plan'!$S$34:$AW$99, MATCH("*"&TRIM($V11)&"*",'Activity Plan'!$D$35:$D$100,0)+MATCH($W11,{"PLAN";"ACTUAL";"ACHIVE"},0)-1, MATCH($X11,DAY('Activity Plan'!$S$7:$AW$7),0)))} -> 0.9375 | AA11: DAILY ACHIVEMENT | AB11: PLAN | AC11: 8 | AD11: ='Activity Plan'!Z33 -> 0.22666667 | AF11: =IF(ROWS($Z$15:Z22)>COUNTA(Tbl_SM[NO]),"N/A",ROWS($Z$15:Z22)) -> 8 | AG11: =IF(OR(Tbl_Summary[[#This Row],[NO]]="",Tbl_Summary[[#This Row],[NO]]="N/A"),"",_xlfn.XLOOKUP(Tbl_Summary[[#This Row],[NO]],Tbl_SM[NO],Tbl_SM[5 FACTOR])) -> METHOD | AH11: =IF(OR(Tbl_Summary[[#This Row],[NO]]="",Tbl_Summary[[#This Row],[NO]]="N/A"),"",_xlfn.XLOOKUP(Tbl_Summary[[#This Row],[NO]],Tbl_SM[NO],Tbl_SM[CATEGORY])) -> Long Term / Development | AI11: =IF(OR(Tbl_Summary[[#This Row],[NO]]="",Tbl_Summary[[#This Row],[NO]]="N/A"),"",_xlfn.XLOOKUP(Tbl_Summary[[#This Row],[NO]],Tbl_SM[NO],Tbl_SM[PIC])) -> PLANT | AJ11: =IF(OR(Tbl_Summary[[#This Row],[NO]]="",Tbl_Summary[[#This Row],[NO]]="N/A"),"",_xlfn.XLOOKUP(Tbl_Summary[[#This Row],[NO]],Tbl_SM[NO],Tbl_SM[PLAN START])) -> 46195 | AK11: =IF(OR(Tbl_Summary[[#This Row],[NO]]="",Tbl_Summary[[#This Row],[NO]]="N/A"),"",_xlfn.XLOOKUP(Tbl_Summary[[#This Row],[NO]],Tbl_SM[NO],Tbl_SM[DUE DATA])) -> 46227 | AL11: =IF(OR(Tbl_Summary[[#This Row],[NO]]="",Tbl_Summary[[#This Row],[NO]]="N/A"),"",_xlfn.XLOOKUP(Tbl_Summary[[#This Row],[NO]],Tbl_SM[NO],Tbl_SM[PLAN DURATION])) -> 33 | AM11: =IFERROR(IF(OR(Tbl_Summary[[#This Row],[NO]]="",Tbl_Summary[[#This Row],[NO]]="N/A"),"",_xlfn.XLOOKUP(Tbl_Summary[[#This Row],[NO]],Tbl_SM[NO],Tbl_SM[ACTUAL START])),"") -> 0 | AN11: =IFERROR(IF(OR(Tbl_Summary[[#This Row],[NO]]="",Tbl_Summary[[#This Row],[NO]]="N/A"),"N/A", IF(_xlfn.XLOOKUP(Tbl_Summary[[#This Row],[NO]],Tbl_SM[NO],Tbl_SM[ACTUAL FINISH])=0,"N/A", _xlfn.XLOOKUP(Tbl_Summary[[#This Row],[NO]],Tbl_SM[NO],Tbl_SM[ACTUAL FINISH]))),"N/A") -> N/A | AO11: =IFERROR(IF(OR(Tbl_Summary[[#This Row],[NO]]="",Tbl_Summary[[#This Row],[NO]]="N/A"),"",_xlfn.XLOOKUP(Tbl_Summary[[#This Row],[NO]],Tbl_SM[NO],Tbl_SM[ACTUAL DURATION])),"") -> No Progress | AP11: =IFERROR(IF(OR(Tbl_Summary[[#This Row],[NO]]="",Tbl_Summary[[#This Row],[NO]]="N/A"),"",_xlfn.XLOOKUP(Tbl_Summary[[#This Row],[NO]],Tbl_SM[NO],Tbl_SM[STATUS])),"") -> OPEN | AQ11: =IFERROR(IF(OR(Tbl_Summary[[#This Row],[NO]]="",Tbl_Summary[[#This Row],[NO]]="N/A"),"",_xlfn.XLOOKUP(Tbl_Summary[[#This Row],[NO]],Tbl_SM[NO],Tbl_SM[DUE STATUS])),"") -> > 14 HARI | AR11: =IFERROR(IF(OR(Tbl_Summary[[#This Row],[NO]]="",Tbl_Summary[[#This Row],[NO]]="N/A"),"",_xlfn.XLOOKUP(Tbl_Summary[[#This Row],[NO]],Tbl_SM[NO],Tbl_SM[COMPLETION])),"") -> 0.52666667 | AS11: =IFERROR(IF(OR(Tbl_Summary[[#This Row],[NO]]="",Tbl_Summary[[#This Row],[NO]]="N/A"),"",_xlfn.XLOOKUP(Tbl_Summary[[#This Row],[NO]],Tbl_SM[NO],Tbl_SM[COMPLETION_FLAG])),"") -> 0 | AU11: =IF(ROWS($Z$15:Z17)>COUNTA(Tbl_SM[NO]),"N/A",ROWS($Z$15:Z17)) -> 3 | AV11: =IF(OR(Table8[[#This Row],[NO]]="",Table8[[#This Row],[NO]]="N/A"),"",_xlfn.XLOOKUP(Table8[[#This Row],[NO]],Tbl_SM[NO],Tbl_SM[5 FACTOR])) -> MAN | AW11: =IF(OR(Table8[[#This Row],[NO]]="",Table8[[#This Row],[NO]]="N/A"),"",_xlfn.XLOOKUP(Table8[[#This Row],[NO]],Tbl_SM[NO],Tbl_SM[CATEGORY])) -> Quick Action | AX11: ='Activity Plan'!GU10 -> 1 | AY11: ='Activity Plan'!GV10 -> 1 | AZ11: ='Activity Plan'!GW10 -> 1 | BA11: ='Activity Plan'!GX10 -> 1 | BB11: ='Activity Plan'!GY10 -> 1 | BC11: ='Activity Plan'!GZ10 -> 1 | BD11: ='Activity Plan'!HA10 -> 1 | BE11: ='Activity Plan'!HB10 -> 1 | ... CB11: ='Activity Plan'!HY10 -> 1 | CF11: 1 | CG11: MAN | CH11: Quick Action | CI11: 8 | CJ11: 1 | CL11: FACTOR | CM11: DOZER READINESS | CN11: ACTUAL | CO11: 4 | CP11: {=IF(INDEX('Activity Plan'!$S$34:$AW$99, MATCH("*"&TRIM($B11)&"*",'Activity Plan'!$D$35:$D$100,0)+MATCH($C11,{"PLAN";"ACTUAL";"ACHIVE"},0)-1, MATCH($D11,DAY('Activity Plan'!$S$7:$AW$7),0))=0, "N/A", INDEX('Activity Plan'!$S$34:$AW$99, MATCH("*"&TRIM($B11)&"*",'Activity Plan'!$D$35:$D$100,0)+MATCH($C11,{"PLAN";"ACTUAL";"ACHIVE"},0)-1, MATCH($D11,DAY('Activity Plan'!$S$7:$AW$7),0)))} -> 11 | CR11: 8 | CS11: AGUSTUS | CU11: ='Activity Plan'!V7 -> 46177 | CV11: ACTUAL | CW11: =IFERROR(IF('Activity Plan'!BA33=0,"N/A",'Activity Plan'!BA33),"N/A") -> 0.56 | CZ11: =CZ10+1 -> 8 | DA11: =SUMIFS(TBL_ACHIVEMENT[VALUE], TBL_ACHIVEMENT[DATE],TBL_ACHIVEMENT[[#This Row],[DATE]], TBL_ACHIVEMENT[CATEGORY],"PLAN") -> 0.22666667 | DB11: =SUMIFS(TBL_ACHIVEMENT[VALUE], TBL_ACHIVEMENT[DATE],TBL_ACHIVEMENT[[#This Row],[DATE]], TBL_ACHIVEMENT[CATEGORY],"ACTUAL") -> 0.66 | DC11: =SUMIFS(TBL_DOZER_READINESS[VALUE], TBL_DOZER_READINESS[DATE],TBL_DOZER_READINESS[[#This Row],[DATE]], TBL_DOZER_READINESS[CATEGORY],"ACTUAL") -> 11 | DD11: =SUMIFS(TBL_PA_DOZER[VALUE], TBL_PA_DOZER[DATE],TBL_PA_DOZER[[#This Row],[DATE]], TBL_PA_DOZER[CATEGORY],"ACTUAL") -> 0.72 | DE11: =SUMIFS(Tbl_MTBF[VALUE], Tbl_MTBF[DATE],Tbl_MTBF[[#This Row],[DATE]], Tbl_MTBF[CATEGORY],"ACTUAL") -> 75 | DF11: =SUMIFS(Tbl_MTTR[VALUE], Tbl_MTTR[DATE],Tbl_MTTR[[#This Row],[DATE]], Tbl_MTTR[CATEGORY],"ACTUAL") -> 75
B12: DOZER READINESS | C12: PLAN | D12: 5 | E12: {=IF(INDEX('Activity Plan'!$S$34:$AW$99, MATCH("*"&TRIM($B12)&"*",'Activity Plan'!$D$35:$D$100,0)+MATCH($C12,{"PLAN";"ACTUAL";"ACHIVE"},0)-1, MATCH($D12,DAY('Activity Plan'!$S$7:$AW$7),0))=0, "N/A", INDEX('Activity Plan'!$S$34:$AW$99, MATCH("*"&TRIM($B12)&"*",'Activity Plan'!$D$35:$D$100,0)+MATCH($C12,{"PLAN";"ACTUAL";"ACHIVE"},0)-1, MATCH($D12,DAY('Activity Plan'!$S$7:$AW$7),0)))} -> 16 | G12: PA ALL DOZER | H12: PLAN | I12: 5 | J12: {=IF(INDEX('Activity Plan'!$S$34:$AW$99, MATCH("*"&TRIM($G12)&"*",'Activity Plan'!$D$35:$D$100,0)+MATCH($H12,{"PLAN";"ACTUAL";"ACHIVE"},0)-1, MATCH($I12,DAY('Activity Plan'!$S$7:$AW$7),0))=0, "N/A", INDEX('Activity Plan'!$S$34:$AW$99, MATCH("*"&TRIM($G12)&"*",'Activity Plan'!$D$35:$D$100,0)+MATCH($H12,{"PLAN";"ACTUAL";"ACHIVE"},0)-1, MATCH($I12,DAY('Activity Plan'!$S$7:$AW$7),0)))} -> 0.9 | L12: MTBF | M12: PLAN | N12: 5 | O12: {=IF(INDEX('Activity Plan'!$S$34:$AW$99, MATCH("*"&TRIM($L12)&"*",'Activity Plan'!$D$35:$D$100,0)+MATCH($M12,{"PLAN";"ACTUAL";"ACHIVE"},0)-1, MATCH($N12,DAY('Activity Plan'!$S$7:$AW$7),0))=0, "N/A", INDEX('Activity Plan'!$S$34:$AW$99, MATCH("*"&TRIM($L12)&"*",'Activity Plan'!$D$35:$D$100,0)+MATCH($M12,{"PLAN";"ACTUAL";"ACHIVE"},0)-1, MATCH($N12,DAY('Activity Plan'!$S$7:$AW$7),0)))} -> 70 | Q12: MTTR | R12: PLAN | S12: 5 | T12: {=IF(INDEX('Activity Plan'!$S$34:$AW$99, MATCH("*"&TRIM($Q12)&"*",'Activity Plan'!$D$35:$D$100,0)+MATCH($R12,{"PLAN";"ACTUAL";"ACHIVE"},0)-1, MATCH($S12,DAY('Activity Plan'!$S$7:$AW$7),0))=0, "N/A", INDEX('Activity Plan'!$S$34:$AW$99, MATCH("*"&TRIM($Q12)&"*",'Activity Plan'!$D$35:$D$100,0)+MATCH($R12,{"PLAN";"ACTUAL";"ACHIVE"},0)-1, MATCH($S12,DAY('Activity Plan'!$S$7:$AW$7),0)))} -> 80 | V12: DOZER READINESS | W12: ACHIVE | X12: 9 | Y12: {=IF(INDEX('Activity Plan'!$S$34:$AW$99, MATCH("*"&TRIM($V12)&"*",'Activity Plan'!$D$35:$D$100,0)+MATCH($W12,{"PLAN";"ACTUAL";"ACHIVE"},0)-1, MATCH($X12,DAY('Activity Plan'!$S$7:$AW$7),0))=0, "N/A", INDEX('Activity Plan'!$S$34:$AW$99, MATCH("*"&TRIM($V12)&"*",'Activity Plan'!$D$35:$D$100,0)+MATCH($W12,{"PLAN";"ACTUAL";"ACHIVE"},0)-1, MATCH($X12,DAY('Activity Plan'!$S$7:$AW$7),0)))} -> 0.8125 | AA12: DAILY ACHIVEMENT | AB12: PLAN | AC12: 9 | AD12: ='Activity Plan'!AA33 -> 0.25166667 | AF12: =IF(ROWS($Z$15:Z23)>COUNTA(Tbl_SM[NO]),"N/A",ROWS($Z$15:Z23)) -> 9 | AG12: =IF(OR(Tbl_Summary[[#This Row],[NO]]="",Tbl_Summary[[#This Row],[NO]]="N/A"),"",_xlfn.XLOOKUP(Tbl_Summary[[#This Row],[NO]],Tbl_SM[NO],Tbl_SM[5 FACTOR])) -> METHOD | AH12: =IF(OR(Tbl_Summary[[#This Row],[NO]]="",Tbl_Summary[[#This Row],[NO]]="N/A"),"",_xlfn.XLOOKUP(Tbl_Summary[[#This Row],[NO]],Tbl_SM[NO],Tbl_SM[CATEGORY])) -> Quick Action | AI12: =IF(OR(Tbl_Summary[[#This Row],[NO]]="",Tbl_Summary[[#This Row],[NO]]="N/A"),"",_xlfn.XLOOKUP(Tbl_Summary[[#This Row],[NO]],Tbl_SM[NO],Tbl_SM[PIC])) -> GS-PLANT-SHE | AJ12: =IF(OR(Tbl_Summary[[#This Row],[NO]]="",Tbl_Summary[[#This Row],[NO]]="N/A"),"",_xlfn.XLOOKUP(Tbl_Summary[[#This Row],[NO]],Tbl_SM[NO],Tbl_SM[PLAN START])) -> 46183 | AK12: =IF(OR(Tbl_Summary[[#This Row],[NO]]="",Tbl_Summary[[#This Row],[NO]]="N/A"),"",_xlfn.XLOOKUP(Tbl_Summary[[#This Row],[NO]],Tbl_SM[NO],Tbl_SM[DUE DATA])) -> 46213 | AL12: =IF(OR(Tbl_Summary[[#This Row],[NO]]="",Tbl_Summary[[#This Row],[NO]]="N/A"),"",_xlfn.XLOOKUP(Tbl_Summary[[#This Row],[NO]],Tbl_SM[NO],Tbl_SM[PLAN DURATION])) -> 31 | AM12: =IFERROR(IF(OR(Tbl_Summary[[#This Row],[NO]]="",Tbl_Summary[[#This Row],[NO]]="N/A"),"",_xlfn.XLOOKUP(Tbl_Summary[[#This Row],[NO]],Tbl_SM[NO],Tbl_SM[ACTUAL START])),"") -> 0 | AN12: =IFERROR(IF(OR(Tbl_Summary[[#This Row],[NO]]="",Tbl_Summary[[#This Row],[NO]]="N/A"),"N/A", IF(_xlfn.XLOOKUP(Tbl_Summary[[#This Row],[NO]],Tbl_SM[NO],Tbl_SM[ACTUAL FINISH])=0,"N/A", _xlfn.XLOOKUP(Tbl_Summary[[#This Row],[NO]],Tbl_SM[NO],Tbl_SM[ACTUAL FINISH]))),"N/A") -> N/A | AO12: =IFERROR(IF(OR(Tbl_Summary[[#This Row],[NO]]="",Tbl_Summary[[#This Row],[NO]]="N/A"),"",_xlfn.XLOOKUP(Tbl_Summary[[#This Row],[NO]],Tbl_SM[NO],Tbl_SM[ACTUAL DURATION])),"") -> No Progress | AP12: =IFERROR(IF(OR(Tbl_Summary[[#This Row],[NO]]="",Tbl_Summary[[#This Row],[NO]]="N/A"),"",_xlfn.XLOOKUP(Tbl_Summary[[#This Row],[NO]],Tbl_SM[NO],Tbl_SM[STATUS])),"") -> OPEN | AQ12: =IFERROR(IF(OR(Tbl_Summary[[#This Row],[NO]]="",Tbl_Summary[[#This Row],[NO]]="N/A"),"",_xlfn.XLOOKUP(Tbl_Summary[[#This Row],[NO]],Tbl_SM[NO],Tbl_SM[DUE STATUS])),"") -> > 14 HARI | AR12: =IFERROR(IF(OR(Tbl_Summary[[#This Row],[NO]]="",Tbl_Summary[[#This Row],[NO]]="N/A"),"",_xlfn.XLOOKUP(Tbl_Summary[[#This Row],[NO]],Tbl_SM[NO],Tbl_SM[COMPLETION])),"") -> 0.52666667 | AS12: =IFERROR(IF(OR(Tbl_Summary[[#This Row],[NO]]="",Tbl_Summary[[#This Row],[NO]]="N/A"),"",_xlfn.XLOOKUP(Tbl_Summary[[#This Row],[NO]],Tbl_SM[NO],Tbl_SM[COMPLETION_FLAG])),"") -> 0 | AU12: =IF(ROWS($Z$15:Z18)>COUNTA(Tbl_SM[NO]),"N/A",ROWS($Z$15:Z18)) -> 4 | AV12: =IF(OR(Table8[[#This Row],[NO]]="",Table8[[#This Row],[NO]]="N/A"),"",_xlfn.XLOOKUP(Table8[[#This Row],[NO]],Tbl_SM[NO],Tbl_SM[5 FACTOR])) -> MAN | AW12: =IF(OR(Table8[[#This Row],[NO]]="",Table8[[#This Row],[NO]]="N/A"),"",_xlfn.XLOOKUP(Table8[[#This Row],[NO]],Tbl_SM[NO],Tbl_SM[CATEGORY])) -> Quick Action | AX12: ='Activity Plan'!GU11 -> 1 | AY12: ='Activity Plan'!GV11 -> 1 | AZ12: ='Activity Plan'!GW11 -> 1 | BA12: ='Activity Plan'!GX11 -> 1 | BB12: ='Activity Plan'!GY11 -> 1 | BC12: ='Activity Plan'!GZ11 -> 1 | BD12: ='Activity Plan'!HA11 -> 1 | BE12: ='Activity Plan'!HB11 -> 1 | ... CB12: ='Activity Plan'!HY11 -> 1 | CF12: 1 | CG12: MAN | CH12: Quick Action | CI12: 9 | CJ12: 1 | CL12: FACTOR | CM12: DOZER READINESS | CN12: PLAN | CO12: 5 | CP12: {=IF(INDEX('Activity Plan'!$S$34:$AW$99, MATCH("*"&TRIM($B12)&"*",'Activity Plan'!$D$35:$D$100,0)+MATCH($C12,{"PLAN";"ACTUAL";"ACHIVE"},0)-1, MATCH($D12,DAY('Activity Plan'!$S$7:$AW$7),0))=0, "N/A", INDEX('Activity Plan'!$S$34:$AW$99, MATCH("*"&TRIM($B12)&"*",'Activity Plan'!$D$35:$D$100,0)+MATCH($C12,{"PLAN";"ACTUAL";"ACHIVE"},0)-1, MATCH($D12,DAY('Activity Plan'!$S$7:$AW$7),0)))} -> 16 | CR12: 9 | CS12: SEPTEMBER | CU12: ='Activity Plan'!W7 -> 46178 | CV12: PLAN | CW12: =IFERROR(IF('Activity Plan'!W33=0,"N/A",'Activity Plan'!W33),"N/A") -> 0.15166667 | CZ12: =CZ11+1 -> 9 | DA12: =SUMIFS(TBL_ACHIVEMENT[VALUE], TBL_ACHIVEMENT[DATE],TBL_ACHIVEMENT[[#This Row],[DATE]], TBL_ACHIVEMENT[CATEGORY],"PLAN") -> 0.25166667 | DB12: =SUMIFS(TBL_ACHIVEMENT[VALUE], TBL_ACHIVEMENT[DATE],TBL_ACHIVEMENT[[#This Row],[DATE]], TBL_ACHIVEMENT[CATEGORY],"ACTUAL") -> 0.69 | DC12: =SUMIFS(TBL_DOZER_READINESS[VALUE], TBL_DOZER_READINESS[DATE],TBL_DOZER_READINESS[[#This Row],[DATE]], TBL_DOZER_READINESS[CATEGORY],"ACTUAL") -> 16 | DD12: =SUMIFS(TBL_PA_DOZER[VALUE], TBL_PA_DOZER[DATE],TBL_PA_DOZER[[#This Row],[DATE]], TBL_PA_DOZER[CATEGORY],"ACTUAL") -> 1 | DE12: =SUMIFS(Tbl_MTBF[VALUE], Tbl_MTBF[DATE],Tbl_MTBF[[#This Row],[DATE]], Tbl_MTBF[CATEGORY],"ACTUAL") -> 83 | DF12: =SUMIFS(Tbl_MTTR[VALUE], Tbl_MTTR[DATE],Tbl_MTTR[[#This Row],[DATE]], Tbl_MTTR[CATEGORY],"ACTUAL") -> 83
B13: DOZER READINESS | C13: ACTUAL | D13: 5 | E13: {=IF(INDEX('Activity Plan'!$S$34:$AW$99, MATCH("*"&TRIM($B13)&"*",'Activity Plan'!$D$35:$D$100,0)+MATCH($C13,{"PLAN";"ACTUAL";"ACHIVE"},0)-1, MATCH($D13,DAY('Activity Plan'!$S$7:$AW$7),0))=0, "N/A", INDEX('Activity Plan'!$S$34:$AW$99, MATCH("*"&TRIM($B13)&"*",'Activity Plan'!$D$35:$D$100,0)+MATCH($C13,{"PLAN";"ACTUAL";"ACHIVE"},0)-1, MATCH($D13,DAY('Activity Plan'!$S$7:$AW$7),0)))} -> 16 | G13: PA ALL DOZER | H13: ACTUAL | I13: 5 | J13: {=IF(INDEX('Activity Plan'!$S$34:$AW$99, MATCH("*"&TRIM($G13)&"*",'Activity Plan'!$D$35:$D$100,0)+MATCH($H13,{"PLAN";"ACTUAL";"ACHIVE"},0)-1, MATCH($I13,DAY('Activity Plan'!$S$7:$AW$7),0))=0, "N/A", INDEX('Activity Plan'!$S$34:$AW$99, MATCH("*"&TRIM($G13)&"*",'Activity Plan'!$D$35:$D$100,0)+MATCH($H13,{"PLAN";"ACTUAL";"ACHIVE"},0)-1, MATCH($I13,DAY('Activity Plan'!$S$7:$AW$7),0)))} -> 1 | L13: MTBF | M13: ACTUAL | N13: 5 | O13: {=IF(INDEX('Activity Plan'!$S$34:$AW$99, MATCH("*"&TRIM($L13)&"*",'Activity Plan'!$D$35:$D$100,0)+MATCH($M13,{"PLAN";"ACTUAL";"ACHIVE"},0)-1, MATCH($N13,DAY('Activity Plan'!$S$7:$AW$7),0))=0, "N/A", INDEX('Activity Plan'!$S$34:$AW$99, MATCH("*"&TRIM($L13)&"*",'Activity Plan'!$D$35:$D$100,0)+MATCH($M13,{"PLAN";"ACTUAL";"ACHIVE"},0)-1, MATCH($N13,DAY('Activity Plan'!$S$7:$AW$7),0)))} -> 83 | Q13: MTTR | R13: ACTUAL | S13: 5 | T13: {=IF(INDEX('Activity Plan'!$S$34:$AW$99, MATCH("*"&TRIM($Q13)&"*",'Activity Plan'!$D$35:$D$100,0)+MATCH($R13,{"PLAN";"ACTUAL";"ACHIVE"},0)-1, MATCH($S13,DAY('Activity Plan'!$S$7:$AW$7),0))=0, "N/A", INDEX('Activity Plan'!$S$34:$AW$99, MATCH("*"&TRIM($Q13)&"*",'Activity Plan'!$D$35:$D$100,0)+MATCH($R13,{"PLAN";"ACTUAL";"ACHIVE"},0)-1, MATCH($S13,DAY('Activity Plan'!$S$7:$AW$7),0)))} -> 83 | V13: DOZER READINESS | W13: ACHIVE | X13: 10 | Y13: {=IF(INDEX('Activity Plan'!$S$34:$AW$99, MATCH("*"&TRIM($V13)&"*",'Activity Plan'!$D$35:$D$100,0)+MATCH($W13,{"PLAN";"ACTUAL";"ACHIVE"},0)-1, MATCH($X13,DAY('Activity Plan'!$S$7:$AW$7),0))=0, "N/A", INDEX('Activity Plan'!$S$34:$AW$99, MATCH("*"&TRIM($V13)&"*",'Activity Plan'!$D$35:$D$100,0)+MATCH($W13,{"PLAN";"ACTUAL";"ACHIVE"},0)-1, MATCH($X13,DAY('Activity Plan'!$S$7:$AW$7),0)))} -> 0.875 | AA13: DAILY ACHIVEMENT | AB13: PLAN | AC13: 10 | AD13: ='Activity Plan'!AB33 -> 0.27666667 | AF13: =IF(ROWS($Z$15:Z24)>COUNTA(Tbl_SM[NO]),"N/A",ROWS($Z$15:Z24)) -> 10 | AG13: =IF(OR(Tbl_Summary[[#This Row],[NO]]="",Tbl_Summary[[#This Row],[NO]]="N/A"),"",_xlfn.XLOOKUP(Tbl_Summary[[#This Row],[NO]],Tbl_SM[NO],Tbl_SM[5 FACTOR])) -> METHOD | AH13: =IF(OR(Tbl_Summary[[#This Row],[NO]]="",Tbl_Summary[[#This Row],[NO]]="N/A"),"",_xlfn.XLOOKUP(Tbl_Summary[[#This Row],[NO]],Tbl_SM[NO],Tbl_SM[CATEGORY])) -> Long Term / Development | AI13: =IF(OR(Tbl_Summary[[#This Row],[NO]]="",Tbl_Summary[[#This Row],[NO]]="N/A"),"",_xlfn.XLOOKUP(Tbl_Summary[[#This Row],[NO]],Tbl_SM[NO],Tbl_SM[PIC])) -> GS-PLANT-LOG | AJ13: =IF(OR(Tbl_Summary[[#This Row],[NO]]="",Tbl_Summary[[#This Row],[NO]]="N/A"),"",_xlfn.XLOOKUP(Tbl_Summary[[#This Row],[NO]],Tbl_SM[NO],Tbl_SM[PLAN START])) -> 46204 | AK13: =IF(OR(Tbl_Summary[[#This Row],[NO]]="",Tbl_Summary[[#This Row],[NO]]="N/A"),"",_xlfn.XLOOKUP(Tbl_Summary[[#This Row],[NO]],Tbl_SM[NO],Tbl_SM[DUE DATA])) -> 46234 | AL13: =IF(OR(Tbl_Summary[[#This Row],[NO]]="",Tbl_Summary[[#This Row],[NO]]="N/A"),"",_xlfn.XLOOKUP(Tbl_Summary[[#This Row],[NO]],Tbl_SM[NO],Tbl_SM[PLAN DURATION])) -> 31 | AM13: =IFERROR(IF(OR(Tbl_Summary[[#This Row],[NO]]="",Tbl_Summary[[#This Row],[NO]]="N/A"),"",_xlfn.XLOOKUP(Tbl_Summary[[#This Row],[NO]],Tbl_SM[NO],Tbl_SM[ACTUAL START])),"") -> 0 | AN13: =IFERROR(IF(OR(Tbl_Summary[[#This Row],[NO]]="",Tbl_Summary[[#This Row],[NO]]="N/A"),"N/A", IF(_xlfn.XLOOKUP(Tbl_Summary[[#This Row],[NO]],Tbl_SM[NO],Tbl_SM[ACTUAL FINISH])=0,"N/A", _xlfn.XLOOKUP(Tbl_Summary[[#This Row],[NO]],Tbl_SM[NO],Tbl_SM[ACTUAL FINISH]))),"N/A") -> N/A | AO13: =IFERROR(IF(OR(Tbl_Summary[[#This Row],[NO]]="",Tbl_Summary[[#This Row],[NO]]="N/A"),"",_xlfn.XLOOKUP(Tbl_Summary[[#This Row],[NO]],Tbl_SM[NO],Tbl_SM[ACTUAL DURATION])),"") -> No Progress | AP13: =IFERROR(IF(OR(Tbl_Summary[[#This Row],[NO]]="",Tbl_Summary[[#This Row],[NO]]="N/A"),"",_xlfn.XLOOKUP(Tbl_Summary[[#This Row],[NO]],Tbl_SM[NO],Tbl_SM[STATUS])),"") -> OPEN | AQ13: =IFERROR(IF(OR(Tbl_Summary[[#This Row],[NO]]="",Tbl_Summary[[#This Row],[NO]]="N/A"),"",_xlfn.XLOOKUP(Tbl_Summary[[#This Row],[NO]],Tbl_SM[NO],Tbl_SM[DUE STATUS])),"") -> > 14 HARI | AR13: =IFERROR(IF(OR(Tbl_Summary[[#This Row],[NO]]="",Tbl_Summary[[#This Row],[NO]]="N/A"),"",_xlfn.XLOOKUP(Tbl_Summary[[#This Row],[NO]],Tbl_SM[NO],Tbl_SM[COMPLETION])),"") -> 0.52666667 | AS13: =IFERROR(IF(OR(Tbl_Summary[[#This Row],[NO]]="",Tbl_Summary[[#This Row],[NO]]="N/A"),"",_xlfn.XLOOKUP(Tbl_Summary[[#This Row],[NO]],Tbl_SM[NO],Tbl_SM[COMPLETION_FLAG])),"") -> 0 | AU13: =IF(ROWS($Z$15:Z19)>COUNTA(Tbl_SM[NO]),"N/A",ROWS($Z$15:Z19)) -> 5 | AV13: =IF(OR(Table8[[#This Row],[NO]]="",Table8[[#This Row],[NO]]="N/A"),"",_xlfn.XLOOKUP(Table8[[#This Row],[NO]],Tbl_SM[NO],Tbl_SM[5 FACTOR])) -> MAN | AW13: =IF(OR(Table8[[#This Row],[NO]]="",Table8[[#This Row],[NO]]="N/A"),"",_xlfn.XLOOKUP(Table8[[#This Row],[NO]],Tbl_SM[NO],Tbl_SM[CATEGORY])) -> Long Term / Development | AX13: ='Activity Plan'!GU12 -> 1 | AY13: ='Activity Plan'!GV12 -> 1 | AZ13: ='Activity Plan'!GW12 -> 1 | BA13: ='Activity Plan'!GX12 -> 1 | BB13: ='Activity Plan'!GY12 -> 1 | BC13: ='Activity Plan'!GZ12 -> 1 | BD13: ='Activity Plan'!HA12 -> 1 | BE13: ='Activity Plan'!HB12 -> 1 | ... CB13: ='Activity Plan'!HY12 -> 1 | CF13: 1 | CG13: MAN | CH13: Quick Action | CI13: 10 | CJ13: 1 | CL13: FACTOR | CM13: DOZER READINESS | CN13: ACTUAL | CO13: 5 | CP13: {=IF(INDEX('Activity Plan'!$S$34:$AW$99, MATCH("*"&TRIM($B13)&"*",'Activity Plan'!$D$35:$D$100,0)+MATCH($C13,{"PLAN";"ACTUAL";"ACHIVE"},0)-1, MATCH($D13,DAY('Activity Plan'!$S$7:$AW$7),0))=0, "N/A", INDEX('Activity Plan'!$S$34:$AW$99, MATCH("*"&TRIM($B13)&"*",'Activity Plan'!$D$35:$D$100,0)+MATCH($C13,{"PLAN";"ACTUAL";"ACHIVE"},0)-1, MATCH($D13,DAY('Activity Plan'!$S$7:$AW$7),0)))} -> 16 | CR13: 10 | CS13: OKTOBER | CU13: ='Activity Plan'!W7 -> 46178 | CV13: ACTUAL | CW13: =IFERROR(IF('Activity Plan'!BB33=0,"N/A",'Activity Plan'!BB33),"N/A") -> 0.56833333 | CZ13: =CZ12+1 -> 10 | DA13: =SUMIFS(TBL_ACHIVEMENT[VALUE], TBL_ACHIVEMENT[DATE],TBL_ACHIVEMENT[[#This Row],[DATE]], TBL_ACHIVEMENT[CATEGORY],"PLAN") -> 0.27666667 | DB13: =SUMIFS(TBL_ACHIVEMENT[VALUE], TBL_ACHIVEMENT[DATE],TBL_ACHIVEMENT[[#This Row],[DATE]], TBL_ACHIVEMENT[CATEGORY],"ACTUAL") -> 0.72 | DC13: =SUMIFS(TBL_DOZER_READINESS[VALUE], TBL_DOZER_READINESS[DATE],TBL_DOZER_READINESS[[#This Row],[DATE]], TBL_DOZER_READINESS[CATEGORY],"ACTUAL") -> 16 | DD13: =SUMIFS(TBL_PA_DOZER[VALUE], TBL_PA_DOZER[DATE],TBL_PA_DOZER[[#This Row],[DATE]], TBL_PA_DOZER[CATEGORY],"ACTUAL") -> 1 | DE13: =SUMIFS(Tbl_MTBF[VALUE], Tbl_MTBF[DATE],Tbl_MTBF[[#This Row],[DATE]], Tbl_MTBF[CATEGORY],"ACTUAL") -> 83 | DF13: =SUMIFS(Tbl_MTTR[VALUE], Tbl_MTTR[DATE],Tbl_MTTR[[#This Row],[DATE]], Tbl_MTTR[CATEGORY],"ACTUAL") -> 83
B14: DOZER READINESS | C14: PLAN | D14: 6 | E14: {=IF(INDEX('Activity Plan'!$S$34:$AW$99, MATCH("*"&TRIM($B14)&"*",'Activity Plan'!$D$35:$D$100,0)+MATCH($C14,{"PLAN";"ACTUAL";"ACHIVE"},0)-1, MATCH($D14,DAY('Activity Plan'!$S$7:$AW$7),0))=0, "N/A", INDEX('Activity Plan'!$S$34:$AW$99, MATCH("*"&TRIM($B14)&"*",'Activity Plan'!$D$35:$D$100,0)+MATCH($C14,{"PLAN";"ACTUAL";"ACHIVE"},0)-1, MATCH($D14,DAY('Activity Plan'!$S$7:$AW$7),0)))} -> 16 | G14: PA ALL DOZER | H14: PLAN | I14: 6 | J14: {=IF(INDEX('Activity Plan'!$S$34:$AW$99, MATCH("*"&TRIM($G14)&"*",'Activity Plan'!$D$35:$D$100,0)+MATCH($H14,{"PLAN";"ACTUAL";"ACHIVE"},0)-1, MATCH($I14,DAY('Activity Plan'!$S$7:$AW$7),0))=0, "N/A", INDEX('Activity Plan'!$S$34:$AW$99, MATCH("*"&TRIM($G14)&"*",'Activity Plan'!$D$35:$D$100,0)+MATCH($H14,{"PLAN";"ACTUAL";"ACHIVE"},0)-1, MATCH($I14,DAY('Activity Plan'!$S$7:$AW$7),0)))} -> 0.9 | L14: MTBF | M14: PLAN | N14: 6 | O14: {=IF(INDEX('Activity Plan'!$S$34:$AW$99, MATCH("*"&TRIM($L14)&"*",'Activity Plan'!$D$35:$D$100,0)+MATCH($M14,{"PLAN";"ACTUAL";"ACHIVE"},0)-1, MATCH($N14,DAY('Activity Plan'!$S$7:$AW$7),0))=0, "N/A", INDEX('Activity Plan'!$S$34:$AW$99, MATCH("*"&TRIM($L14)&"*",'Activity Plan'!$D$35:$D$100,0)+MATCH($M14,{"PLAN";"ACTUAL";"ACHIVE"},0)-1, MATCH($N14,DAY('Activity Plan'!$S$7:$AW$7),0)))} -> 70 | Q14: MTTR | R14: PLAN | S14: 6 | T14: {=IF(INDEX('Activity Plan'!$S$34:$AW$99, MATCH("*"&TRIM($Q14)&"*",'Activity Plan'!$D$35:$D$100,0)+MATCH($R14,{"PLAN";"ACTUAL";"ACHIVE"},0)-1, MATCH($S14,DAY('Activity Plan'!$S$7:$AW$7),0))=0, "N/A", INDEX('Activity Plan'!$S$34:$AW$99, MATCH("*"&TRIM($Q14)&"*",'Activity Plan'!$D$35:$D$100,0)+MATCH($R14,{"PLAN";"ACTUAL";"ACHIVE"},0)-1, MATCH($S14,DAY('Activity Plan'!$S$7:$AW$7),0)))} -> 80 | V14: DOZER READINESS | W14: ACHIVE | X14: 11 | Y14: {=IF(INDEX('Activity Plan'!$S$34:$AW$99, MATCH("*"&TRIM($V14)&"*",'Activity Plan'!$D$35:$D$100,0)+MATCH($W14,{"PLAN";"ACTUAL";"ACHIVE"},0)-1, MATCH($X14,DAY('Activity Plan'!$S$7:$AW$7),0))=0, "N/A", INDEX('Activity Plan'!$S$34:$AW$99, MATCH("*"&TRIM($V14)&"*",'Activity Plan'!$D$35:$D$100,0)+MATCH($W14,{"PLAN";"ACTUAL";"ACHIVE"},0)-1, MATCH($X14,DAY('Activity Plan'!$S$7:$AW$7),0)))} -> 0.6875 | AA14: DAILY ACHIVEMENT | AB14: PLAN | AC14: 11 | AD14: ='Activity Plan'!AC33 -> 0.30166667 | AF14: =IF(ROWS($Z$15:Z25)>COUNTA(Tbl_SM[NO]),"N/A",ROWS($Z$15:Z25)) -> 11 | AG14: =IF(OR(Tbl_Summary[[#This Row],[NO]]="",Tbl_Summary[[#This Row],[NO]]="N/A"),"",_xlfn.XLOOKUP(Tbl_Summary[[#This Row],[NO]],Tbl_SM[NO],Tbl_SM[5 FACTOR])) -> METHOD | AH14: =IF(OR(Tbl_Summary[[#This Row],[NO]]="",Tbl_Summary[[#This Row],[NO]]="N/A"),"",_xlfn.XLOOKUP(Tbl_Summary[[#This Row],[NO]],Tbl_SM[NO],Tbl_SM[CATEGORY])) -> Quick Action | AI14: =IF(OR(Tbl_Summary[[#This Row],[NO]]="",Tbl_Summary[[#This Row],[NO]]="N/A"),"",_xlfn.XLOOKUP(Tbl_Summary[[#This Row],[NO]],Tbl_SM[NO],Tbl_SM[PIC])) -> GS-PLANT-USER | AJ14: =IF(OR(Tbl_Summary[[#This Row],[NO]]="",Tbl_Summary[[#This Row],[NO]]="N/A"),"",_xlfn.XLOOKUP(Tbl_Summary[[#This Row],[NO]],Tbl_SM[NO],Tbl_SM[PLAN START])) -> 46188 | AK14: =IF(OR(Tbl_Summary[[#This Row],[NO]]="",Tbl_Summary[[#This Row],[NO]]="N/A"),"",_xlfn.XLOOKUP(Tbl_Summary[[#This Row],[NO]],Tbl_SM[NO],Tbl_SM[DUE DATA])) -> 46199 | AL14: =IF(OR(Tbl_Summary[[#This Row],[NO]]="",Tbl_Summary[[#This Row],[NO]]="N/A"),"",_xlfn.XLOOKUP(Tbl_Summary[[#This Row],[NO]],Tbl_SM[NO],Tbl_SM[PLAN DURATION])) -> 12 | AM14: =IFERROR(IF(OR(Tbl_Summary[[#This Row],[NO]]="",Tbl_Summary[[#This Row],[NO]]="N/A"),"",_xlfn.XLOOKUP(Tbl_Summary[[#This Row],[NO]],Tbl_SM[NO],Tbl_SM[ACTUAL START])),"") -> 0 | AN14: =IFERROR(IF(OR(Tbl_Summary[[#This Row],[NO]]="",Tbl_Summary[[#This Row],[NO]]="N/A"),"N/A", IF(_xlfn.XLOOKUP(Tbl_Summary[[#This Row],[NO]],Tbl_SM[NO],Tbl_SM[ACTUAL FINISH])=0,"N/A", _xlfn.XLOOKUP(Tbl_Summary[[#This Row],[NO]],Tbl_SM[NO],Tbl_SM[ACTUAL FINISH]))),"N/A") -> N/A | AO14: =IFERROR(IF(OR(Tbl_Summary[[#This Row],[NO]]="",Tbl_Summary[[#This Row],[NO]]="N/A"),"",_xlfn.XLOOKUP(Tbl_Summary[[#This Row],[NO]],Tbl_SM[NO],Tbl_SM[ACTUAL DURATION])),"") -> No Progress | AP14: =IFERROR(IF(OR(Tbl_Summary[[#This Row],[NO]]="",Tbl_Summary[[#This Row],[NO]]="N/A"),"",_xlfn.XLOOKUP(Tbl_Summary[[#This Row],[NO]],Tbl_SM[NO],Tbl_SM[STATUS])),"") -> OPEN | AQ14: =IFERROR(IF(OR(Tbl_Summary[[#This Row],[NO]]="",Tbl_Summary[[#This Row],[NO]]="N/A"),"",_xlfn.XLOOKUP(Tbl_Summary[[#This Row],[NO]],Tbl_SM[NO],Tbl_SM[DUE STATUS])),"") -> > 14 HARI | AR14: =IFERROR(IF(OR(Tbl_Summary[[#This Row],[NO]]="",Tbl_Summary[[#This Row],[NO]]="N/A"),"",_xlfn.XLOOKUP(Tbl_Summary[[#This Row],[NO]],Tbl_SM[NO],Tbl_SM[COMPLETION])),"") -> 0.52666667 | AS14: =IFERROR(IF(OR(Tbl_Summary[[#This Row],[NO]]="",Tbl_Summary[[#This Row],[NO]]="N/A"),"",_xlfn.XLOOKUP(Tbl_Summary[[#This Row],[NO]],Tbl_SM[NO],Tbl_SM[COMPLETION_FLAG])),"") -> 0 | AU14: =IF(ROWS($Z$15:Z20)>COUNTA(Tbl_SM[NO]),"N/A",ROWS($Z$15:Z20)) -> 6 | AV14: =IF(OR(Table8[[#This Row],[NO]]="",Table8[[#This Row],[NO]]="N/A"),"",_xlfn.XLOOKUP(Table8[[#This Row],[NO]],Tbl_SM[NO],Tbl_SM[5 FACTOR])) -> METHOD | AW14: =IF(OR(Table8[[#This Row],[NO]]="",Table8[[#This Row],[NO]]="N/A"),"",_xlfn.XLOOKUP(Table8[[#This Row],[NO]],Tbl_SM[NO],Tbl_SM[CATEGORY])) -> Quick Action | AX14: ='Activity Plan'!GU13 -> 1 | AY14: ='Activity Plan'!GV13 -> 1 | AZ14: ='Activity Plan'!GW13 -> 1 | BA14: ='Activity Plan'!GX13 -> 1 | BB14: ='Activity Plan'!GY13 -> 1 | BC14: ='Activity Plan'!GZ13 -> 1 | BD14: ='Activity Plan'!HA13 -> 1 | BE14: ='Activity Plan'!HB13 -> 1 | ... CB14: ='Activity Plan'!HY13 -> 1 | CF14: 1 | CG14: MAN | CH14: Quick Action | CI14: 11 | CJ14: 1 | CL14: FACTOR | CM14: DOZER READINESS | CN14: PLAN | CO14: 6 | CP14: {=IF(INDEX('Activity Plan'!$S$34:$AW$99, MATCH("*"&TRIM($B14)&"*",'Activity Plan'!$D$35:$D$100,0)+MATCH($C14,{"PLAN";"ACTUAL";"ACHIVE"},0)-1, MATCH($D14,DAY('Activity Plan'!$S$7:$AW$7),0))=0, "N/A", INDEX('Activity Plan'!$S$34:$AW$99, MATCH("*"&TRIM($B14)&"*",'Activity Plan'!$D$35:$D$100,0)+MATCH($C14,{"PLAN";"ACTUAL";"ACHIVE"},0)-1, MATCH($D14,DAY('Activity Plan'!$S$7:$AW$7),0)))} -> 16 | CR14: 11 | CS14: NOVEMBER | CU14: ='Activity Plan'!X7 -> 46179 | CV14: PLAN | CW14: =IFERROR(IF('Activity Plan'!X33=0,"N/A",'Activity Plan'!X33),"N/A") -> 0.17666667 | CZ14: =CZ13+1 -> 11 | DA14: =SUMIFS(TBL_ACHIVEMENT[VALUE], TBL_ACHIVEMENT[DATE],TBL_ACHIVEMENT[[#This Row],[DATE]], TBL_ACHIVEMENT[CATEGORY],"PLAN") -> 0.30166667 | DB14: =SUMIFS(TBL_ACHIVEMENT[VALUE], TBL_ACHIVEMENT[DATE],TBL_ACHIVEMENT[[#This Row],[DATE]], TBL_ACHIVEMENT[CATEGORY],"ACTUAL") -> 0.75 | DC14: =SUMIFS(TBL_DOZER_READINESS[VALUE], TBL_DOZER_READINESS[DATE],TBL_DOZER_READINESS[[#This Row],[DATE]], TBL_DOZER_READINESS[CATEGORY],"ACTUAL") -> 14 | DD14: =SUMIFS(TBL_PA_DOZER[VALUE], TBL_PA_DOZER[DATE],TBL_PA_DOZER[[#This Row],[DATE]], TBL_PA_DOZER[CATEGORY],"ACTUAL") -> 0.9 | DE14: =SUMIFS(Tbl_MTBF[VALUE], Tbl_MTBF[DATE],Tbl_MTBF[[#This Row],[DATE]], Tbl_MTBF[CATEGORY],"ACTUAL") -> 65 | DF14: =SUMIFS(Tbl_MTTR[VALUE], Tbl_MTTR[DATE],Tbl_MTTR[[#This Row],[DATE]], Tbl_MTTR[CATEGORY],"ACTUAL") -> 65
B15: DOZER READINESS | C15: ACTUAL | D15: 6 | E15: {=IF(INDEX('Activity Plan'!$S$34:$AW$99, MATCH("*"&TRIM($B15)&"*",'Activity Plan'!$D$35:$D$100,0)+MATCH($C15,{"PLAN";"ACTUAL";"ACHIVE"},0)-1, MATCH($D15,DAY('Activity Plan'!$S$7:$AW$7),0))=0, "N/A", INDEX('Activity Plan'!$S$34:$AW$99, MATCH("*"&TRIM($B15)&"*",'Activity Plan'!$D$35:$D$100,0)+MATCH($C15,{"PLAN";"ACTUAL";"ACHIVE"},0)-1, MATCH($D15,DAY('Activity Plan'!$S$7:$AW$7),0)))} -> 14 | G15: PA ALL DOZER | H15: ACTUAL | I15: 6 | J15: {=IF(INDEX('Activity Plan'!$S$34:$AW$99, MATCH("*"&TRIM($G15)&"*",'Activity Plan'!$D$35:$D$100,0)+MATCH($H15,{"PLAN";"ACTUAL";"ACHIVE"},0)-1, MATCH($I15,DAY('Activity Plan'!$S$7:$AW$7),0))=0, "N/A", INDEX('Activity Plan'!$S$34:$AW$99, MATCH("*"&TRIM($G15)&"*",'Activity Plan'!$D$35:$D$100,0)+MATCH($H15,{"PLAN";"ACTUAL";"ACHIVE"},0)-1, MATCH($I15,DAY('Activity Plan'!$S$7:$AW$7),0)))} -> 0.9 | L15: MTBF | M15: ACTUAL | N15: 6 | O15: {=IF(INDEX('Activity Plan'!$S$34:$AW$99, MATCH("*"&TRIM($L15)&"*",'Activity Plan'!$D$35:$D$100,0)+MATCH($M15,{"PLAN";"ACTUAL";"ACHIVE"},0)-1, MATCH($N15,DAY('Activity Plan'!$S$7:$AW$7),0))=0, "N/A", INDEX('Activity Plan'!$S$34:$AW$99, MATCH("*"&TRIM($L15)&"*",'Activity Plan'!$D$35:$D$100,0)+MATCH($M15,{"PLAN";"ACTUAL";"ACHIVE"},0)-1, MATCH($N15,DAY('Activity Plan'!$S$7:$AW$7),0)))} -> 65 | Q15: MTTR | R15: ACTUAL | S15: 6 | T15: {=IF(INDEX('Activity Plan'!$S$34:$AW$99, MATCH("*"&TRIM($Q15)&"*",'Activity Plan'!$D$35:$D$100,0)+MATCH($R15,{"PLAN";"ACTUAL";"ACHIVE"},0)-1, MATCH($S15,DAY('Activity Plan'!$S$7:$AW$7),0))=0, "N/A", INDEX('Activity Plan'!$S$34:$AW$99, MATCH("*"&TRIM($Q15)&"*",'Activity Plan'!$D$35:$D$100,0)+MATCH($R15,{"PLAN";"ACTUAL";"ACHIVE"},0)-1, MATCH($S15,DAY('Activity Plan'!$S$7:$AW$7),0)))} -> 65 | V15: DOZER READINESS | W15: ACHIVE | X15: 12 | Y15: {=IF(INDEX('Activity Plan'!$S$34:$AW$99, MATCH("*"&TRIM($V15)&"*",'Activity Plan'!$D$35:$D$100,0)+MATCH($W15,{"PLAN";"ACTUAL";"ACHIVE"},0)-1, MATCH($X15,DAY('Activity Plan'!$S$7:$AW$7),0))=0, "N/A", INDEX('Activity Plan'!$S$34:$AW$99, MATCH("*"&TRIM($V15)&"*",'Activity Plan'!$D$35:$D$100,0)+MATCH($W15,{"PLAN";"ACTUAL";"ACHIVE"},0)-1, MATCH($X15,DAY('Activity Plan'!$S$7:$AW$7),0)))} -> 1 | AA15: DAILY ACHIVEMENT | AB15: PLAN | AC15: 12 | AD15: ='Activity Plan'!AD33 -> 0.32666667 | AF15: =IF(ROWS($Z$15:Z26)>COUNTA(Tbl_SM[NO]),"N/A",ROWS($Z$15:Z26)) -> 12 | AG15: =IF(OR(Tbl_Summary[[#This Row],[NO]]="",Tbl_Summary[[#This Row],[NO]]="N/A"),"",_xlfn.XLOOKUP(Tbl_Summary[[#This Row],[NO]],Tbl_SM[NO],Tbl_SM[5 FACTOR])) -> MACHINE | AH15: =IF(OR(Tbl_Summary[[#This Row],[NO]]="",Tbl_Summary[[#This Row],[NO]]="N/A"),"",_xlfn.XLOOKUP(Tbl_Summary[[#This Row],[NO]],Tbl_SM[NO],Tbl_SM[CATEGORY])) -> Quick Action | AI15: =IF(OR(Tbl_Summary[[#This Row],[NO]]="",Tbl_Summary[[#This Row],[NO]]="N/A"),"",_xlfn.XLOOKUP(Tbl_Summary[[#This Row],[NO]],Tbl_SM[NO],Tbl_SM[PIC])) -> GS-PLANT | AJ15: =IF(OR(Tbl_Summary[[#This Row],[NO]]="",Tbl_Summary[[#This Row],[NO]]="N/A"),"",_xlfn.XLOOKUP(Tbl_Summary[[#This Row],[NO]],Tbl_SM[NO],Tbl_SM[PLAN START])) -> 46181 | AK15: =IF(OR(Tbl_Summary[[#This Row],[NO]]="",Tbl_Summary[[#This Row],[NO]]="N/A"),"",_xlfn.XLOOKUP(Tbl_Summary[[#This Row],[NO]],Tbl_SM[NO],Tbl_SM[DUE DATA])) -> 46206 | AL15: =IF(OR(Tbl_Summary[[#This Row],[NO]]="",Tbl_Summary[[#This Row],[NO]]="N/A"),"",_xlfn.XLOOKUP(Tbl_Summary[[#This Row],[NO]],Tbl_SM[NO],Tbl_SM[PLAN DURATION])) -> 26 | AM15: =IFERROR(IF(OR(Tbl_Summary[[#This Row],[NO]]="",Tbl_Summary[[#This Row],[NO]]="N/A"),"",_xlfn.XLOOKUP(Tbl_Summary[[#This Row],[NO]],Tbl_SM[NO],Tbl_SM[ACTUAL START])),"") -> 0 | AN15: =IFERROR(IF(OR(Tbl_Summary[[#This Row],[NO]]="",Tbl_Summary[[#This Row],[NO]]="N/A"),"N/A", IF(_xlfn.XLOOKUP(Tbl_Summary[[#This Row],[NO]],Tbl_SM[NO],Tbl_SM[ACTUAL FINISH])=0,"N/A", _xlfn.XLOOKUP(Tbl_Summary[[#This Row],[NO]],Tbl_SM[NO],Tbl_SM[ACTUAL FINISH]))),"N/A") -> N/A | AO15: =IFERROR(IF(OR(Tbl_Summary[[#This Row],[NO]]="",Tbl_Summary[[#This Row],[NO]]="N/A"),"",_xlfn.XLOOKUP(Tbl_Summary[[#This Row],[NO]],Tbl_SM[NO],Tbl_SM[ACTUAL DURATION])),"") -> No Progress | AP15: =IFERROR(IF(OR(Tbl_Summary[[#This Row],[NO]]="",Tbl_Summary[[#This Row],[NO]]="N/A"),"",_xlfn.XLOOKUP(Tbl_Summary[[#This Row],[NO]],Tbl_SM[NO],Tbl_SM[STATUS])),"") -> OPEN | AQ15: =IFERROR(IF(OR(Tbl_Summary[[#This Row],[NO]]="",Tbl_Summary[[#This Row],[NO]]="N/A"),"",_xlfn.XLOOKUP(Tbl_Summary[[#This Row],[NO]],Tbl_SM[NO],Tbl_SM[DUE STATUS])),"") -> > 14 HARI | AR15: =IFERROR(IF(OR(Tbl_Summary[[#This Row],[NO]]="",Tbl_Summary[[#This Row],[NO]]="N/A"),"",_xlfn.XLOOKUP(Tbl_Summary[[#This Row],[NO]],Tbl_SM[NO],Tbl_SM[COMPLETION])),"") -> 0.52666667 | AS15: =IFERROR(IF(OR(Tbl_Summary[[#This Row],[NO]]="",Tbl_Summary[[#This Row],[NO]]="N/A"),"",_xlfn.XLOOKUP(Tbl_Summary[[#This Row],[NO]],Tbl_SM[NO],Tbl_SM[COMPLETION_FLAG])),"") -> 0 | AU15: =IF(ROWS($Z$15:Z21)>COUNTA(Tbl_SM[NO]),"N/A",ROWS($Z$15:Z21)) -> 7 | AV15: =IF(OR(Table8[[#This Row],[NO]]="",Table8[[#This Row],[NO]]="N/A"),"",_xlfn.XLOOKUP(Table8[[#This Row],[NO]],Tbl_SM[NO],Tbl_SM[5 FACTOR])) -> METHOD | AW15: =IF(OR(Table8[[#This Row],[NO]]="",Table8[[#This Row],[NO]]="N/A"),"",_xlfn.XLOOKUP(Table8[[#This Row],[NO]],Tbl_SM[NO],Tbl_SM[CATEGORY])) -> Quick Action | AX15: ='Activity Plan'!GU14 -> 1 | AY15: ='Activity Plan'!GV14 -> 1 | AZ15: ='Activity Plan'!GW14 -> 1 | BA15: ='Activity Plan'!GX14 -> 1 | BB15: ='Activity Plan'!GY14 -> 1 | BC15: ='Activity Plan'!GZ14 -> 1 | BD15: ='Activity Plan'!HA14 -> 1 | BE15: ='Activity Plan'!HB14 -> 1 | ... CB15: ='Activity Plan'!HY14 -> 1 | CF15: 1 | CG15: MAN | CH15: Quick Action | CI15: 12 | CJ15: 1 | CL15: FACTOR | CM15: DOZER READINESS | CN15: ACTUAL | CO15: 6 | CP15: {=IF(INDEX('Activity Plan'!$S$34:$AW$99, MATCH("*"&TRIM($B15)&"*",'Activity Plan'!$D$35:$D$100,0)+MATCH($C15,{"PLAN";"ACTUAL";"ACHIVE"},0)-1, MATCH($D15,DAY('Activity Plan'!$S$7:$AW$7),0))=0, "N/A", INDEX('Activity Plan'!$S$34:$AW$99, MATCH("*"&TRIM($B15)&"*",'Activity Plan'!$D$35:$D$100,0)+MATCH($C15,{"PLAN";"ACTUAL";"ACHIVE"},0)-1, MATCH($D15,DAY('Activity Plan'!$S$7:$AW$7),0)))} -> 14 | CR15: 12 | CS15: DESEMBER | CU15: ='Activity Plan'!X7 -> 46179 | CV15: ACTUAL | CW15: =IFERROR(IF('Activity Plan'!BC33=0,"N/A",'Activity Plan'!BC33),"N/A") -> 0.6 | CZ15: =CZ14+1 -> 12 | DA15: =SUMIFS(TBL_ACHIVEMENT[VALUE], TBL_ACHIVEMENT[DATE],TBL_ACHIVEMENT[[#This Row],[DATE]], TBL_ACHIVEMENT[CATEGORY],"PLAN") -> 0.32666667 | DB15: =SUMIFS(TBL_ACHIVEMENT[VALUE], TBL_ACHIVEMENT[DATE],TBL_ACHIVEMENT[[#This Row],[DATE]], TBL_ACHIVEMENT[CATEGORY],"ACTUAL") -> 0.78 | DC15: =SUMIFS(TBL_DOZER_READINESS[VALUE], TBL_DOZER_READINESS[DATE],TBL_DOZER_READINESS[[#This Row],[DATE]], TBL_DOZER_READINESS[CATEGORY],"ACTUAL") -> 14 | DD15: =SUMIFS(TBL_PA_DOZER[VALUE], TBL_PA_DOZER[DATE],TBL_PA_DOZER[[#This Row],[DATE]], TBL_PA_DOZER[CATEGORY],"ACTUAL") -> 0.9 | DE15: =SUMIFS(Tbl_MTBF[VALUE], Tbl_MTBF[DATE],Tbl_MTBF[[#This Row],[DATE]], Tbl_MTBF[CATEGORY],"ACTUAL") -> 65 | DF15: =SUMIFS(Tbl_MTTR[VALUE], Tbl_MTTR[DATE],Tbl_MTTR[[#This Row],[DATE]], Tbl_MTTR[CATEGORY],"ACTUAL") -> 65
B16: DOZER READINESS | C16: PLAN | D16: 7 | E16: {=IF(INDEX('Activity Plan'!$S$34:$AW$99, MATCH("*"&TRIM($B16)&"*",'Activity Plan'!$D$35:$D$100,0)+MATCH($C16,{"PLAN";"ACTUAL";"ACHIVE"},0)-1, MATCH($D16,DAY('Activity Plan'!$S$7:$AW$7),0))=0, "N/A", INDEX('Activity Plan'!$S$34:$AW$99, MATCH("*"&TRIM($B16)&"*",'Activity Plan'!$D$35:$D$100,0)+MATCH($C16,{"PLAN";"ACTUAL";"ACHIVE"},0)-1, MATCH($D16,DAY('Activity Plan'!$S$7:$AW$7),0)))} -> 16 | G16: PA ALL DOZER | H16: PLAN | I16: 7 | J16: {=IF(INDEX('Activity Plan'!$S$34:$AW$99, MATCH("*"&TRIM($G16)&"*",'Activity Plan'!$D$35:$D$100,0)+MATCH($H16,{"PLAN";"ACTUAL";"ACHIVE"},0)-1, MATCH($I16,DAY('Activity Plan'!$S$7:$AW$7),0))=0, "N/A", INDEX('Activity Plan'!$S$34:$AW$99, MATCH("*"&TRIM($G16)&"*",'Activity Plan'!$D$35:$D$100,0)+MATCH($H16,{"PLAN";"ACTUAL";"ACHIVE"},0)-1, MATCH($I16,DAY('Activity Plan'!$S$7:$AW$7),0)))} -> 0.9 | L16: MTBF | M16: PLAN | N16: 7 | O16: {=IF(INDEX('Activity Plan'!$S$34:$AW$99, MATCH("*"&TRIM($L16)&"*",'Activity Plan'!$D$35:$D$100,0)+MATCH($M16,{"PLAN";"ACTUAL";"ACHIVE"},0)-1, MATCH($N16,DAY('Activity Plan'!$S$7:$AW$7),0))=0, "N/A", INDEX('Activity Plan'!$S$34:$AW$99, MATCH("*"&TRIM($L16)&"*",'Activity Plan'!$D$35:$D$100,0)+MATCH($M16,{"PLAN";"ACTUAL";"ACHIVE"},0)-1, MATCH($N16,DAY('Activity Plan'!$S$7:$AW$7),0)))} -> 70 | Q16: MTTR | R16: PLAN | S16: 7 | T16: {=IF(INDEX('Activity Plan'!$S$34:$AW$99, MATCH("*"&TRIM($Q16)&"*",'Activity Plan'!$D$35:$D$100,0)+MATCH($R16,{"PLAN";"ACTUAL";"ACHIVE"},0)-1, MATCH($S16,DAY('Activity Plan'!$S$7:$AW$7),0))=0, "N/A", INDEX('Activity Plan'!$S$34:$AW$99, MATCH("*"&TRIM($Q16)&"*",'Activity Plan'!$D$35:$D$100,0)+MATCH($R16,{"PLAN";"ACTUAL";"ACHIVE"},0)-1, MATCH($S16,DAY('Activity Plan'!$S$7:$AW$7),0)))} -> 80 | V16: DOZER READINESS | W16: ACHIVE | X16: 13 | Y16: {=IF(INDEX('Activity Plan'!$S$34:$AW$99, MATCH("*"&TRIM($V16)&"*",'Activity Plan'!$D$35:$D$100,0)+MATCH($W16,{"PLAN";"ACTUAL";"ACHIVE"},0)-1, MATCH($X16,DAY('Activity Plan'!$S$7:$AW$7),0))=0, "N/A", INDEX('Activity Plan'!$S$34:$AW$99, MATCH("*"&TRIM($V16)&"*",'Activity Plan'!$D$35:$D$100,0)+MATCH($W16,{"PLAN";"ACTUAL";"ACHIVE"},0)-1, MATCH($X16,DAY('Activity Plan'!$S$7:$AW$7),0)))} -> 0.875 | AA16: DAILY ACHIVEMENT | AB16: PLAN | AC16: 13 | AD16: ='Activity Plan'!AE33 -> 0.35166667 | AF16: =IF(ROWS($Z$15:Z27)>COUNTA(Tbl_SM[NO]),"N/A",ROWS($Z$15:Z27)) -> 13 | AG16: =IF(OR(Tbl_Summary[[#This Row],[NO]]="",Tbl_Summary[[#This Row],[NO]]="N/A"),"",_xlfn.XLOOKUP(Tbl_Summary[[#This Row],[NO]],Tbl_SM[NO],Tbl_SM[5 FACTOR])) -> MACHINE | AH16: =IF(OR(Tbl_Summary[[#This Row],[NO]]="",Tbl_Summary[[#This Row],[NO]]="N/A"),"",_xlfn.XLOOKUP(Tbl_Summary[[#This Row],[NO]],Tbl_SM[NO],Tbl_SM[CATEGORY])) -> Long Term / Development | AI16: =IF(OR(Tbl_Summary[[#This Row],[NO]]="",Tbl_Summary[[#This Row],[NO]]="N/A"),"",_xlfn.XLOOKUP(Tbl_Summary[[#This Row],[NO]],Tbl_SM[NO],Tbl_SM[PIC])) -> GS-HO-OPS | AJ16: =IF(OR(Tbl_Summary[[#This Row],[NO]]="",Tbl_Summary[[#This Row],[NO]]="N/A"),"",_xlfn.XLOOKUP(Tbl_Summary[[#This Row],[NO]],Tbl_SM[NO],Tbl_SM[PLAN START])) -> 46204 | AK16: =IF(OR(Tbl_Summary[[#This Row],[NO]]="",Tbl_Summary[[#This Row],[NO]]="N/A"),"",_xlfn.XLOOKUP(Tbl_Summary[[#This Row],[NO]],Tbl_SM[NO],Tbl_SM[DUE DATA])) -> 46248 | AL16: =IF(OR(Tbl_Summary[[#This Row],[NO]]="",Tbl_Summary[[#This Row],[NO]]="N/A"),"",_xlfn.XLOOKUP(Tbl_Summary[[#This Row],[NO]],Tbl_SM[NO],Tbl_SM[PLAN DURATION])) -> 45 | AM16: =IFERROR(IF(OR(Tbl_Summary[[#This Row],[NO]]="",Tbl_Summary[[#This Row],[NO]]="N/A"),"",_xlfn.XLOOKUP(Tbl_Summary[[#This Row],[NO]],Tbl_SM[NO],Tbl_SM[ACTUAL START])),"") -> 0 | AN16: =IFERROR(IF(OR(Tbl_Summary[[#This Row],[NO]]="",Tbl_Summary[[#This Row],[NO]]="N/A"),"N/A", IF(_xlfn.XLOOKUP(Tbl_Summary[[#This Row],[NO]],Tbl_SM[NO],Tbl_SM[ACTUAL FINISH])=0,"N/A", _xlfn.XLOOKUP(Tbl_Summary[[#This Row],[NO]],Tbl_SM[NO],Tbl_SM[ACTUAL FINISH]))),"N/A") -> N/A | AO16: =IFERROR(IF(OR(Tbl_Summary[[#This Row],[NO]]="",Tbl_Summary[[#This Row],[NO]]="N/A"),"",_xlfn.XLOOKUP(Tbl_Summary[[#This Row],[NO]],Tbl_SM[NO],Tbl_SM[ACTUAL DURATION])),"") -> No Progress | AP16: =IFERROR(IF(OR(Tbl_Summary[[#This Row],[NO]]="",Tbl_Summary[[#This Row],[NO]]="N/A"),"",_xlfn.XLOOKUP(Tbl_Summary[[#This Row],[NO]],Tbl_SM[NO],Tbl_SM[STATUS])),"") -> OPEN | AQ16: =IFERROR(IF(OR(Tbl_Summary[[#This Row],[NO]]="",Tbl_Summary[[#This Row],[NO]]="N/A"),"",_xlfn.XLOOKUP(Tbl_Summary[[#This Row],[NO]],Tbl_SM[NO],Tbl_SM[DUE STATUS])),"") -> > 14 HARI | AR16: =IFERROR(IF(OR(Tbl_Summary[[#This Row],[NO]]="",Tbl_Summary[[#This Row],[NO]]="N/A"),"",_xlfn.XLOOKUP(Tbl_Summary[[#This Row],[NO]],Tbl_SM[NO],Tbl_SM[COMPLETION])),"") -> 0.52666667 | AS16: =IFERROR(IF(OR(Tbl_Summary[[#This Row],[NO]]="",Tbl_Summary[[#This Row],[NO]]="N/A"),"",_xlfn.XLOOKUP(Tbl_Summary[[#This Row],[NO]],Tbl_SM[NO],Tbl_SM[COMPLETION_FLAG])),"") -> 0 | AU16: =IF(ROWS($Z$15:Z22)>COUNTA(Tbl_SM[NO]),"N/A",ROWS($Z$15:Z22)) -> 8 | AV16: =IF(OR(Table8[[#This Row],[NO]]="",Table8[[#This Row],[NO]]="N/A"),"",_xlfn.XLOOKUP(Table8[[#This Row],[NO]],Tbl_SM[NO],Tbl_SM[5 FACTOR])) -> METHOD | AW16: =IF(OR(Table8[[#This Row],[NO]]="",Table8[[#This Row],[NO]]="N/A"),"",_xlfn.XLOOKUP(Table8[[#This Row],[NO]],Tbl_SM[NO],Tbl_SM[CATEGORY])) -> Long Term / Development | AX16: ='Activity Plan'!GU15 -> 1 | AY16: ='Activity Plan'!GV15 -> 1 | AZ16: ='Activity Plan'!GW15 -> 1 | BA16: ='Activity Plan'!GX15 -> 1 | BB16: ='Activity Plan'!GY15 -> 1 | BC16: ='Activity Plan'!GZ15 -> 1 | BD16: ='Activity Plan'!HA15 -> 1 | BE16: ='Activity Plan'!HB15 -> 1 | ... CB16: ='Activity Plan'!HY15 -> 1 | CF16: 1 | CG16: MAN | CH16: Quick Action | CI16: 13 | CJ16: 1 | CL16: FACTOR | CM16: DOZER READINESS | CN16: PLAN | CO16: 7 | CP16: {=IF(INDEX('Activity Plan'!$S$34:$AW$99, MATCH("*"&TRIM($B16)&"*",'Activity Plan'!$D$35:$D$100,0)+MATCH($C16,{"PLAN";"ACTUAL";"ACHIVE"},0)-1, MATCH($D16,DAY('Activity Plan'!$S$7:$AW$7),0))=0, "N/A", INDEX('Activity Plan'!$S$34:$AW$99, MATCH("*"&TRIM($B16)&"*",'Activity Plan'!$D$35:$D$100,0)+MATCH($C16,{"PLAN";"ACTUAL";"ACHIVE"},0)-1, MATCH($D16,DAY('Activity Plan'!$S$7:$AW$7),0)))} -> 16 | CU16: ='Activity Plan'!Y7 -> 46180 | CV16: PLAN | CW16: =IFERROR(IF('Activity Plan'!Y33=0,"N/A",'Activity Plan'!Y33),"N/A") -> 0.20166667 | CZ16: =CZ15+1 -> 13 | DA16: =SUMIFS(TBL_ACHIVEMENT[VALUE], TBL_ACHIVEMENT[DATE],TBL_ACHIVEMENT[[#This Row],[DATE]], TBL_ACHIVEMENT[CATEGORY],"PLAN") -> 0.35166667 | DB16: =SUMIFS(TBL_ACHIVEMENT[VALUE], TBL_ACHIVEMENT[DATE],TBL_ACHIVEMENT[[#This Row],[DATE]], TBL_ACHIVEMENT[CATEGORY],"ACTUAL") -> 0.81 | DC16: =SUMIFS(TBL_DOZER_READINESS[VALUE], TBL_DOZER_READINESS[DATE],TBL_DOZER_READINESS[[#This Row],[DATE]], TBL_DOZER_READINESS[CATEGORY],"ACTUAL") -> 16 | DD16: =SUMIFS(TBL_PA_DOZER[VALUE], TBL_PA_DOZER[DATE],TBL_PA_DOZER[[#This Row],[DATE]], TBL_PA_DOZER[CATEGORY],"ACTUAL") -> 0.98 | DE16: =SUMIFS(Tbl_MTBF[VALUE], Tbl_MTBF[DATE],Tbl_MTBF[[#This Row],[DATE]], Tbl_MTBF[CATEGORY],"ACTUAL") -> 73 | DF16: =SUMIFS(Tbl_MTTR[VALUE], Tbl_MTTR[DATE],Tbl_MTTR[[#This Row],[DATE]], Tbl_MTTR[CATEGORY],"ACTUAL") -> 73
B17: DOZER READINESS | C17: ACTUAL | D17: 7 | E17: {=IF(INDEX('Activity Plan'!$S$34:$AW$99, MATCH("*"&TRIM($B17)&"*",'Activity Plan'!$D$35:$D$100,0)+MATCH($C17,{"PLAN";"ACTUAL";"ACHIVE"},0)-1, MATCH($D17,DAY('Activity Plan'!$S$7:$AW$7),0))=0, "N/A", INDEX('Activity Plan'!$S$34:$AW$99, MATCH("*"&TRIM($B17)&"*",'Activity Plan'!$D$35:$D$100,0)+MATCH($C17,{"PLAN";"ACTUAL";"ACHIVE"},0)-1, MATCH($D17,DAY('Activity Plan'!$S$7:$AW$7),0)))} -> 16 | G17: PA ALL DOZER | H17: ACTUAL | I17: 7 | J17: {=IF(INDEX('Activity Plan'!$S$34:$AW$99, MATCH("*"&TRIM($G17)&"*",'Activity Plan'!$D$35:$D$100,0)+MATCH($H17,{"PLAN";"ACTUAL";"ACHIVE"},0)-1, MATCH($I17,DAY('Activity Plan'!$S$7:$AW$7),0))=0, "N/A", INDEX('Activity Plan'!$S$34:$AW$99, MATCH("*"&TRIM($G17)&"*",'Activity Plan'!$D$35:$D$100,0)+MATCH($H17,{"PLAN";"ACTUAL";"ACHIVE"},0)-1, MATCH($I17,DAY('Activity Plan'!$S$7:$AW$7),0)))} -> 0.98 | L17: MTBF | M17: ACTUAL | N17: 7 | O17: {=IF(INDEX('Activity Plan'!$S$34:$AW$99, MATCH("*"&TRIM($L17)&"*",'Activity Plan'!$D$35:$D$100,0)+MATCH($M17,{"PLAN";"ACTUAL";"ACHIVE"},0)-1, MATCH($N17,DAY('Activity Plan'!$S$7:$AW$7),0))=0, "N/A", INDEX('Activity Plan'!$S$34:$AW$99, MATCH("*"&TRIM($L17)&"*",'Activity Plan'!$D$35:$D$100,0)+MATCH($M17,{"PLAN";"ACTUAL";"ACHIVE"},0)-1, MATCH($N17,DAY('Activity Plan'!$S$7:$AW$7),0)))} -> 73 | Q17: MTTR | R17: ACTUAL | S17: 7 | T17: {=IF(INDEX('Activity Plan'!$S$34:$AW$99, MATCH("*"&TRIM($Q17)&"*",'Activity Plan'!$D$35:$D$100,0)+MATCH($R17,{"PLAN";"ACTUAL";"ACHIVE"},0)-1, MATCH($S17,DAY('Activity Plan'!$S$7:$AW$7),0))=0, "N/A", INDEX('Activity Plan'!$S$34:$AW$99, MATCH("*"&TRIM($Q17)&"*",'Activity Plan'!$D$35:$D$100,0)+MATCH($R17,{"PLAN";"ACTUAL";"ACHIVE"},0)-1, MATCH($S17,DAY('Activity Plan'!$S$7:$AW$7),0)))} -> 73 | V17: DOZER READINESS | W17: ACHIVE | X17: 14 | Y17: {=IF(INDEX('Activity Plan'!$S$34:$AW$99, MATCH("*"&TRIM($V17)&"*",'Activity Plan'!$D$35:$D$100,0)+MATCH($W17,{"PLAN";"ACTUAL";"ACHIVE"},0)-1, MATCH($X17,DAY('Activity Plan'!$S$7:$AW$7),0))=0, "N/A", INDEX('Activity Plan'!$S$34:$AW$99, MATCH("*"&TRIM($V17)&"*",'Activity Plan'!$D$35:$D$100,0)+MATCH($W17,{"PLAN";"ACTUAL";"ACHIVE"},0)-1, MATCH($X17,DAY('Activity Plan'!$S$7:$AW$7),0)))} -> 1 | AA17: DAILY ACHIVEMENT | AB17: PLAN | AC17: 14 | AD17: ='Activity Plan'!AF33 -> 0.37666667 | AF17: =IF(ROWS($Z$15:Z28)>COUNTA(Tbl_SM[NO]),"N/A",ROWS($Z$15:Z28)) -> 14 | AG17: =IF(OR(Tbl_Summary[[#This Row],[NO]]="",Tbl_Summary[[#This Row],[NO]]="N/A"),"",_xlfn.XLOOKUP(Tbl_Summary[[#This Row],[NO]],Tbl_SM[NO],Tbl_SM[5 FACTOR])) -> MACHINE | AH17: =IF(OR(Tbl_Summary[[#This Row],[NO]]="",Tbl_Summary[[#This Row],[NO]]="N/A"),"",_xlfn.XLOOKUP(Tbl_Summary[[#This Row],[NO]],Tbl_SM[NO],Tbl_SM[CATEGORY])) -> Quick Action | AI17: =IF(OR(Tbl_Summary[[#This Row],[NO]]="",Tbl_Summary[[#This Row],[NO]]="N/A"),"",_xlfn.XLOOKUP(Tbl_Summary[[#This Row],[NO]],Tbl_SM[NO],Tbl_SM[PIC])) -> PLANT-GS | AJ17: =IF(OR(Tbl_Summary[[#This Row],[NO]]="",Tbl_Summary[[#This Row],[NO]]="N/A"),"",_xlfn.XLOOKUP(Tbl_Summary[[#This Row],[NO]],Tbl_SM[NO],Tbl_SM[PLAN START])) -> 46188 | AK17: =IF(OR(Tbl_Summary[[#This Row],[NO]]="",Tbl_Summary[[#This Row],[NO]]="N/A"),"",_xlfn.XLOOKUP(Tbl_Summary[[#This Row],[NO]],Tbl_SM[NO],Tbl_SM[DUE DATA])) -> 46220 | AL17: =IF(OR(Tbl_Summary[[#This Row],[NO]]="",Tbl_Summary[[#This Row],[NO]]="N/A"),"",_xlfn.XLOOKUP(Tbl_Summary[[#This Row],[NO]],Tbl_SM[NO],Tbl_SM[PLAN DURATION])) -> 33 | AM17: =IFERROR(IF(OR(Tbl_Summary[[#This Row],[NO]]="",Tbl_Summary[[#This Row],[NO]]="N/A"),"",_xlfn.XLOOKUP(Tbl_Summary[[#This Row],[NO]],Tbl_SM[NO],Tbl_SM[ACTUAL START])),"") -> 0 | AN17: =IFERROR(IF(OR(Tbl_Summary[[#This Row],[NO]]="",Tbl_Summary[[#This Row],[NO]]="N/A"),"N/A", IF(_xlfn.XLOOKUP(Tbl_Summary[[#This Row],[NO]],Tbl_SM[NO],Tbl_SM[ACTUAL FINISH])=0,"N/A", _xlfn.XLOOKUP(Tbl_Summary[[#This Row],[NO]],Tbl_SM[NO],Tbl_SM[ACTUAL FINISH]))),"N/A") -> N/A | AO17: =IFERROR(IF(OR(Tbl_Summary[[#This Row],[NO]]="",Tbl_Summary[[#This Row],[NO]]="N/A"),"",_xlfn.XLOOKUP(Tbl_Summary[[#This Row],[NO]],Tbl_SM[NO],Tbl_SM[ACTUAL DURATION])),"") -> No Progress | AP17: =IFERROR(IF(OR(Tbl_Summary[[#This Row],[NO]]="",Tbl_Summary[[#This Row],[NO]]="N/A"),"",_xlfn.XLOOKUP(Tbl_Summary[[#This Row],[NO]],Tbl_SM[NO],Tbl_SM[STATUS])),"") -> OPEN | AQ17: =IFERROR(IF(OR(Tbl_Summary[[#This Row],[NO]]="",Tbl_Summary[[#This Row],[NO]]="N/A"),"",_xlfn.XLOOKUP(Tbl_Summary[[#This Row],[NO]],Tbl_SM[NO],Tbl_SM[DUE STATUS])),"") -> > 14 HARI | AR17: =IFERROR(IF(OR(Tbl_Summary[[#This Row],[NO]]="",Tbl_Summary[[#This Row],[NO]]="N/A"),"",_xlfn.XLOOKUP(Tbl_Summary[[#This Row],[NO]],Tbl_SM[NO],Tbl_SM[COMPLETION])),"") -> 0.52666667 | AS17: =IFERROR(IF(OR(Tbl_Summary[[#This Row],[NO]]="",Tbl_Summary[[#This Row],[NO]]="N/A"),"",_xlfn.XLOOKUP(Tbl_Summary[[#This Row],[NO]],Tbl_SM[NO],Tbl_SM[COMPLETION_FLAG])),"") -> 0 | AU17: =IF(ROWS($Z$15:Z23)>COUNTA(Tbl_SM[NO]),"N/A",ROWS($Z$15:Z23)) -> 9 | AV17: =IF(OR(Table8[[#This Row],[NO]]="",Table8[[#This Row],[NO]]="N/A"),"",_xlfn.XLOOKUP(Table8[[#This Row],[NO]],Tbl_SM[NO],Tbl_SM[5 FACTOR])) -> METHOD | AW17: =IF(OR(Table8[[#This Row],[NO]]="",Table8[[#This Row],[NO]]="N/A"),"",_xlfn.XLOOKUP(Table8[[#This Row],[NO]],Tbl_SM[NO],Tbl_SM[CATEGORY])) -> Quick Action | AX17: ='Activity Plan'!GU16 -> 1 | AY17: ='Activity Plan'!GV16 -> 1 | AZ17: ='Activity Plan'!GW16 -> 1 | BA17: ='Activity Plan'!GX16 -> 1 | BB17: ='Activity Plan'!GY16 -> 1 | BC17: ='Activity Plan'!GZ16 -> 1 | BD17: ='Activity Plan'!HA16 -> 1 | BE17: ='Activity Plan'!HB16 -> 1 | ... CB17: ='Activity Plan'!HY16 -> 1 | CF17: 1 | CG17: MAN | CH17: Quick Action | CI17: 14 | CJ17: 1 | CL17: FACTOR | CM17: DOZER READINESS | CN17: ACTUAL | CO17: 7 | CP17: {=IF(INDEX('Activity Plan'!$S$34:$AW$99, MATCH("*"&TRIM($B17)&"*",'Activity Plan'!$D$35:$D$100,0)+MATCH($C17,{"PLAN";"ACTUAL";"ACHIVE"},0)-1, MATCH($D17,DAY('Activity Plan'!$S$7:$AW$7),0))=0, "N/A", INDEX('Activity Plan'!$S$34:$AW$99, MATCH("*"&TRIM($B17)&"*",'Activity Plan'!$D$35:$D$100,0)+MATCH($C17,{"PLAN";"ACTUAL";"ACHIVE"},0)-1, MATCH($D17,DAY('Activity Plan'!$S$7:$AW$7),0)))} -> 16 | CS17: 5 FACTOR | CU17: ='Activity Plan'!Y7 -> 46180 | CV17: ACTUAL | CW17: =IFERROR(IF('Activity Plan'!BD33=0,"N/A",'Activity Plan'!BD33),"N/A") -> 0.63 | CZ17: =CZ16+1 -> 14 | DA17: =SUMIFS(TBL_ACHIVEMENT[VALUE], TBL_ACHIVEMENT[DATE],TBL_ACHIVEMENT[[#This Row],[DATE]], TBL_ACHIVEMENT[CATEGORY],"PLAN") -> 0.37666667 | DB17: =SUMIFS(TBL_ACHIVEMENT[VALUE], TBL_ACHIVEMENT[DATE],TBL_ACHIVEMENT[[#This Row],[DATE]], TBL_ACHIVEMENT[CATEGORY],"ACTUAL") -> 0.84 | DC17: =SUMIFS(TBL_DOZER_READINESS[VALUE], TBL_DOZER_READINESS[DATE],TBL_DOZER_READINESS[[#This Row],[DATE]], TBL_DOZER_READINESS[CATEGORY],"ACTUAL") -> 16 | DD17: =SUMIFS(TBL_PA_DOZER[VALUE], TBL_PA_DOZER[DATE],TBL_PA_DOZER[[#This Row],[DATE]], TBL_PA_DOZER[CATEGORY],"ACTUAL") -> 0.98 | DE17: =SUMIFS(Tbl_MTBF[VALUE], Tbl_MTBF[DATE],Tbl_MTBF[[#This Row],[DATE]], Tbl_MTBF[CATEGORY],"ACTUAL") -> 73 | DF17: =SUMIFS(Tbl_MTTR[VALUE], Tbl_MTTR[DATE],Tbl_MTTR[[#This Row],[DATE]], Tbl_MTTR[CATEGORY],"ACTUAL") -> 73
B18: DOZER READINESS | C18: PLAN | D18: 8 | E18: {=IF(INDEX('Activity Plan'!$S$34:$AW$99, MATCH("*"&TRIM($B18)&"*",'Activity Plan'!$D$35:$D$100,0)+MATCH($C18,{"PLAN";"ACTUAL";"ACHIVE"},0)-1, MATCH($D18,DAY('Activity Plan'!$S$7:$AW$7),0))=0, "N/A", INDEX('Activity Plan'!$S$34:$AW$99, MATCH("*"&TRIM($B18)&"*",'Activity Plan'!$D$35:$D$100,0)+MATCH($C18,{"PLAN";"ACTUAL";"ACHIVE"},0)-1, MATCH($D18,DAY('Activity Plan'!$S$7:$AW$7),0)))} -> 16 | G18: PA ALL DOZER | H18: PLAN | I18: 8 | J18: {=IF(INDEX('Activity Plan'!$S$34:$AW$99, MATCH("*"&TRIM($G18)&"*",'Activity Plan'!$D$35:$D$100,0)+MATCH($H18,{"PLAN";"ACTUAL";"ACHIVE"},0)-1, MATCH($I18,DAY('Activity Plan'!$S$7:$AW$7),0))=0, "N/A", INDEX('Activity Plan'!$S$34:$AW$99, MATCH("*"&TRIM($G18)&"*",'Activity Plan'!$D$35:$D$100,0)+MATCH($H18,{"PLAN";"ACTUAL";"ACHIVE"},0)-1, MATCH($I18,DAY('Activity Plan'!$S$7:$AW$7),0)))} -> 0.9 | L18: MTBF | M18: PLAN | N18: 8 | O18: {=IF(INDEX('Activity Plan'!$S$34:$AW$99, MATCH("*"&TRIM($L18)&"*",'Activity Plan'!$D$35:$D$100,0)+MATCH($M18,{"PLAN";"ACTUAL";"ACHIVE"},0)-1, MATCH($N18,DAY('Activity Plan'!$S$7:$AW$7),0))=0, "N/A", INDEX('Activity Plan'!$S$34:$AW$99, MATCH("*"&TRIM($L18)&"*",'Activity Plan'!$D$35:$D$100,0)+MATCH($M18,{"PLAN";"ACTUAL";"ACHIVE"},0)-1, MATCH($N18,DAY('Activity Plan'!$S$7:$AW$7),0)))} -> 70 | Q18: MTTR | R18: PLAN | S18: 8 | T18: {=IF(INDEX('Activity Plan'!$S$34:$AW$99, MATCH("*"&TRIM($Q18)&"*",'Activity Plan'!$D$35:$D$100,0)+MATCH($R18,{"PLAN";"ACTUAL";"ACHIVE"},0)-1, MATCH($S18,DAY('Activity Plan'!$S$7:$AW$7),0))=0, "N/A", INDEX('Activity Plan'!$S$34:$AW$99, MATCH("*"&TRIM($Q18)&"*",'Activity Plan'!$D$35:$D$100,0)+MATCH($R18,{"PLAN";"ACTUAL";"ACHIVE"},0)-1, MATCH($S18,DAY('Activity Plan'!$S$7:$AW$7),0)))} -> 80 | V18: DOZER READINESS | W18: ACHIVE | X18: 15 | Y18: {=IF(INDEX('Activity Plan'!$S$34:$AW$99, MATCH("*"&TRIM($V18)&"*",'Activity Plan'!$D$35:$D$100,0)+MATCH($W18,{"PLAN";"ACTUAL";"ACHIVE"},0)-1, MATCH($X18,DAY('Activity Plan'!$S$7:$AW$7),0))=0, "N/A", INDEX('Activity Plan'!$S$34:$AW$99, MATCH("*"&TRIM($V18)&"*",'Activity Plan'!$D$35:$D$100,0)+MATCH($W18,{"PLAN";"ACTUAL";"ACHIVE"},0)-1, MATCH($X18,DAY('Activity Plan'!$S$7:$AW$7),0)))} -> 0.9375 | AA18: DAILY ACHIVEMENT | AB18: PLAN | AC18: 15 | AD18: ='Activity Plan'!AG33 -> 0.40166667 | AF18: =IF(ROWS($Z$15:Z29)>COUNTA(Tbl_SM[NO]),"N/A",ROWS($Z$15:Z29)) -> 15 | AG18: =IF(OR(Tbl_Summary[[#This Row],[NO]]="",Tbl_Summary[[#This Row],[NO]]="N/A"),"",_xlfn.XLOOKUP(Tbl_Summary[[#This Row],[NO]],Tbl_SM[NO],Tbl_SM[5 FACTOR])) -> MACHINE | AH18: =IF(OR(Tbl_Summary[[#This Row],[NO]]="",Tbl_Summary[[#This Row],[NO]]="N/A"),"",_xlfn.XLOOKUP(Tbl_Summary[[#This Row],[NO]],Tbl_SM[NO],Tbl_SM[CATEGORY])) -> Long Term / Development | AI18: =IF(OR(Tbl_Summary[[#This Row],[NO]]="",Tbl_Summary[[#This Row],[NO]]="N/A"),"",_xlfn.XLOOKUP(Tbl_Summary[[#This Row],[NO]],Tbl_SM[NO],Tbl_SM[PIC])) -> GS-PLANT-OPS | AJ18: =IF(OR(Tbl_Summary[[#This Row],[NO]]="",Tbl_Summary[[#This Row],[NO]]="N/A"),"",_xlfn.XLOOKUP(Tbl_Summary[[#This Row],[NO]],Tbl_SM[NO],Tbl_SM[PLAN START])) -> 46216 | AK18: =IF(OR(Tbl_Summary[[#This Row],[NO]]="",Tbl_Summary[[#This Row],[NO]]="N/A"),"",_xlfn.XLOOKUP(Tbl_Summary[[#This Row],[NO]],Tbl_SM[NO],Tbl_SM[DUE DATA])) -> 46255 | AL18: =IF(OR(Tbl_Summary[[#This Row],[NO]]="",Tbl_Summary[[#This Row],[NO]]="N/A"),"",_xlfn.XLOOKUP(Tbl_Summary[[#This Row],[NO]],Tbl_SM[NO],Tbl_SM[PLAN DURATION])) -> 40 | AM18: =IFERROR(IF(OR(Tbl_Summary[[#This Row],[NO]]="",Tbl_Summary[[#This Row],[NO]]="N/A"),"",_xlfn.XLOOKUP(Tbl_Summary[[#This Row],[NO]],Tbl_SM[NO],Tbl_SM[ACTUAL START])),"") -> 0 | AN18: =IFERROR(IF(OR(Tbl_Summary[[#This Row],[NO]]="",Tbl_Summary[[#This Row],[NO]]="N/A"),"N/A", IF(_xlfn.XLOOKUP(Tbl_Summary[[#This Row],[NO]],Tbl_SM[NO],Tbl_SM[ACTUAL FINISH])=0,"N/A", _xlfn.XLOOKUP(Tbl_Summary[[#This Row],[NO]],Tbl_SM[NO],Tbl_SM[ACTUAL FINISH]))),"N/A") -> N/A | AO18: =IFERROR(IF(OR(Tbl_Summary[[#This Row],[NO]]="",Tbl_Summary[[#This Row],[NO]]="N/A"),"",_xlfn.XLOOKUP(Tbl_Summary[[#This Row],[NO]],Tbl_SM[NO],Tbl_SM[ACTUAL DURATION])),"") -> No Progress | AP18: =IFERROR(IF(OR(Tbl_Summary[[#This Row],[NO]]="",Tbl_Summary[[#This Row],[NO]]="N/A"),"",_xlfn.XLOOKUP(Tbl_Summary[[#This Row],[NO]],Tbl_SM[NO],Tbl_SM[STATUS])),"") -> OPEN | AQ18: =IFERROR(IF(OR(Tbl_Summary[[#This Row],[NO]]="",Tbl_Summary[[#This Row],[NO]]="N/A"),"",_xlfn.XLOOKUP(Tbl_Summary[[#This Row],[NO]],Tbl_SM[NO],Tbl_SM[DUE STATUS])),"") -> > 14 HARI | AR18: =IFERROR(IF(OR(Tbl_Summary[[#This Row],[NO]]="",Tbl_Summary[[#This Row],[NO]]="N/A"),"",_xlfn.XLOOKUP(Tbl_Summary[[#This Row],[NO]],Tbl_SM[NO],Tbl_SM[COMPLETION])),"") -> 0.52666667 | AS18: =IFERROR(IF(OR(Tbl_Summary[[#This Row],[NO]]="",Tbl_Summary[[#This Row],[NO]]="N/A"),"",_xlfn.XLOOKUP(Tbl_Summary[[#This Row],[NO]],Tbl_SM[NO],Tbl_SM[COMPLETION_FLAG])),"") -> 0 | AU18: =IF(ROWS($Z$15:Z24)>COUNTA(Tbl_SM[NO]),"N/A",ROWS($Z$15:Z24)) -> 10 | AV18: =IF(OR(Table8[[#This Row],[NO]]="",Table8[[#This Row],[NO]]="N/A"),"",_xlfn.XLOOKUP(Table8[[#This Row],[NO]],Tbl_SM[NO],Tbl_SM[5 FACTOR])) -> METHOD | AW18: =IF(OR(Table8[[#This Row],[NO]]="",Table8[[#This Row],[NO]]="N/A"),"",_xlfn.XLOOKUP(Table8[[#This Row],[NO]],Tbl_SM[NO],Tbl_SM[CATEGORY])) -> Long Term / Development | AX18: ='Activity Plan'!GU17 -> 1 | AY18: ='Activity Plan'!GV17 -> 1 | AZ18: ='Activity Plan'!GW17 -> 1 | BA18: ='Activity Plan'!GX17 -> 1 | BB18: ='Activity Plan'!GY17 -> 1 | BC18: ='Activity Plan'!GZ17 -> 1 | BD18: ='Activity Plan'!HA17 -> 1 | BE18: ='Activity Plan'!HB17 -> 1 | ... CB18: ='Activity Plan'!HY17 -> 1 | CF18: 1 | CG18: MAN | CH18: Quick Action | CI18: 15 | CJ18: 1 | CL18: FACTOR | CM18: DOZER READINESS | CN18: PLAN | CO18: 8 | CP18: {=IF(INDEX('Activity Plan'!$S$34:$AW$99, MATCH("*"&TRIM($B18)&"*",'Activity Plan'!$D$35:$D$100,0)+MATCH($C18,{"PLAN";"ACTUAL";"ACHIVE"},0)-1, MATCH($D18,DAY('Activity Plan'!$S$7:$AW$7),0))=0, "N/A", INDEX('Activity Plan'!$S$34:$AW$99, MATCH("*"&TRIM($B18)&"*",'Activity Plan'!$D$35:$D$100,0)+MATCH($C18,{"PLAN";"ACTUAL";"ACHIVE"},0)-1, MATCH($D18,DAY('Activity Plan'!$S$7:$AW$7),0)))} -> 16 | CS18: MAN | CU18: ='Activity Plan'!Z7 -> 46181 | CV18: PLAN | CW18: =IFERROR(IF('Activity Plan'!Z33=0,"N/A",'Activity Plan'!Z33),"N/A") -> 0.22666667 | CZ18: =CZ17+1 -> 15 | DA18: =SUMIFS(TBL_ACHIVEMENT[VALUE], TBL_ACHIVEMENT[DATE],TBL_ACHIVEMENT[[#This Row],[DATE]], TBL_ACHIVEMENT[CATEGORY],"PLAN") -> 0.40166667 | DB18: =SUMIFS(TBL_ACHIVEMENT[VALUE], TBL_ACHIVEMENT[DATE],TBL_ACHIVEMENT[[#This Row],[DATE]], TBL_ACHIVEMENT[CATEGORY],"ACTUAL") -> 0.87 | DC18: =SUMIFS(TBL_DOZER_READINESS[VALUE], TBL_DOZER_READINESS[DATE],TBL_DOZER_READINESS[[#This Row],[DATE]], TBL_DOZER_READINESS[CATEGORY],"ACTUAL") -> 15 | DD18: =SUMIFS(TBL_PA_DOZER[VALUE], TBL_PA_DOZER[DATE],TBL_PA_DOZER[[#This Row],[DATE]], TBL_PA_DOZER[CATEGORY],"ACTUAL") -> 0.93 | DE18: =SUMIFS(Tbl_MTBF[VALUE], Tbl_MTBF[DATE],Tbl_MTBF[[#This Row],[DATE]], Tbl_MTBF[CATEGORY],"ACTUAL") -> 80 | DF18: =SUMIFS(Tbl_MTTR[VALUE], Tbl_MTTR[DATE],Tbl_MTTR[[#This Row],[DATE]], Tbl_MTTR[CATEGORY],"ACTUAL") -> 80
B19: DOZER READINESS | C19: ACTUAL | D19: 8 | E19: {=IF(INDEX('Activity Plan'!$S$34:$AW$99, MATCH("*"&TRIM($B19)&"*",'Activity Plan'!$D$35:$D$100,0)+MATCH($C19,{"PLAN";"ACTUAL";"ACHIVE"},0)-1, MATCH($D19,DAY('Activity Plan'!$S$7:$AW$7),0))=0, "N/A", INDEX('Activity Plan'!$S$34:$AW$99, MATCH("*"&TRIM($B19)&"*",'Activity Plan'!$D$35:$D$100,0)+MATCH($C19,{"PLAN";"ACTUAL";"ACHIVE"},0)-1, MATCH($D19,DAY('Activity Plan'!$S$7:$AW$7),0)))} -> 15 | G19: PA ALL DOZER | H19: ACTUAL | I19: 8 | J19: {=IF(INDEX('Activity Plan'!$S$34:$AW$99, MATCH("*"&TRIM($G19)&"*",'Activity Plan'!$D$35:$D$100,0)+MATCH($H19,{"PLAN";"ACTUAL";"ACHIVE"},0)-1, MATCH($I19,DAY('Activity Plan'!$S$7:$AW$7),0))=0, "N/A", INDEX('Activity Plan'!$S$34:$AW$99, MATCH("*"&TRIM($G19)&"*",'Activity Plan'!$D$35:$D$100,0)+MATCH($H19,{"PLAN";"ACTUAL";"ACHIVE"},0)-1, MATCH($I19,DAY('Activity Plan'!$S$7:$AW$7),0)))} -> 0.93 | L19: MTBF | M19: ACTUAL | N19: 8 | O19: {=IF(INDEX('Activity Plan'!$S$34:$AW$99, MATCH("*"&TRIM($L19)&"*",'Activity Plan'!$D$35:$D$100,0)+MATCH($M19,{"PLAN";"ACTUAL";"ACHIVE"},0)-1, MATCH($N19,DAY('Activity Plan'!$S$7:$AW$7),0))=0, "N/A", INDEX('Activity Plan'!$S$34:$AW$99, MATCH("*"&TRIM($L19)&"*",'Activity Plan'!$D$35:$D$100,0)+MATCH($M19,{"PLAN";"ACTUAL";"ACHIVE"},0)-1, MATCH($N19,DAY('Activity Plan'!$S$7:$AW$7),0)))} -> 80 | Q19: MTTR | R19: ACTUAL | S19: 8 | T19: {=IF(INDEX('Activity Plan'!$S$34:$AW$99, MATCH("*"&TRIM($Q19)&"*",'Activity Plan'!$D$35:$D$100,0)+MATCH($R19,{"PLAN";"ACTUAL";"ACHIVE"},0)-1, MATCH($S19,DAY('Activity Plan'!$S$7:$AW$7),0))=0, "N/A", INDEX('Activity Plan'!$S$34:$AW$99, MATCH("*"&TRIM($Q19)&"*",'Activity Plan'!$D$35:$D$100,0)+MATCH($R19,{"PLAN";"ACTUAL";"ACHIVE"},0)-1, MATCH($S19,DAY('Activity Plan'!$S$7:$AW$7),0)))} -> 80 | V19: DOZER READINESS | W19: ACHIVE | X19: 16 | Y19: {=IF(INDEX('Activity Plan'!$S$34:$AW$99, MATCH("*"&TRIM($V19)&"*",'Activity Plan'!$D$35:$D$100,0)+MATCH($W19,{"PLAN";"ACTUAL";"ACHIVE"},0)-1, MATCH($X19,DAY('Activity Plan'!$S$7:$AW$7),0))=0, "N/A", INDEX('Activity Plan'!$S$34:$AW$99, MATCH("*"&TRIM($V19)&"*",'Activity Plan'!$D$35:$D$100,0)+MATCH($W19,{"PLAN";"ACTUAL";"ACHIVE"},0)-1, MATCH($X19,DAY('Activity Plan'!$S$7:$AW$7),0)))} -> 0.8125 | AA19: DAILY ACHIVEMENT | AB19: PLAN | AC19: 16 | AD19: ='Activity Plan'!AH33 -> 0.42666667 | AF19: =IF(ROWS($Z$15:Z30)>COUNTA(Tbl_SM[NO]),"N/A",ROWS($Z$15:Z30)) -> 16 | AG19: =IF(OR(Tbl_Summary[[#This Row],[NO]]="",Tbl_Summary[[#This Row],[NO]]="N/A"),"",_xlfn.XLOOKUP(Tbl_Summary[[#This Row],[NO]],Tbl_SM[NO],Tbl_SM[5 FACTOR])) -> MATERIAL | AH19: =IF(OR(Tbl_Summary[[#This Row],[NO]]="",Tbl_Summary[[#This Row],[NO]]="N/A"),"",_xlfn.XLOOKUP(Tbl_Summary[[#This Row],[NO]],Tbl_SM[NO],Tbl_SM[CATEGORY])) -> Quick Action | AI19: =IF(OR(Tbl_Summary[[#This Row],[NO]]="",Tbl_Summary[[#This Row],[NO]]="N/A"),"",_xlfn.XLOOKUP(Tbl_Summary[[#This Row],[NO]],Tbl_SM[NO],Tbl_SM[PIC])) -> LOG-PLANT | AJ19: =IF(OR(Tbl_Summary[[#This Row],[NO]]="",Tbl_Summary[[#This Row],[NO]]="N/A"),"",_xlfn.XLOOKUP(Tbl_Summary[[#This Row],[NO]],Tbl_SM[NO],Tbl_SM[PLAN START])) -> 46181 | AK19: =IF(OR(Tbl_Summary[[#This Row],[NO]]="",Tbl_Summary[[#This Row],[NO]]="N/A"),"",_xlfn.XLOOKUP(Tbl_Summary[[#This Row],[NO]],Tbl_SM[NO],Tbl_SM[DUE DATA])) -> 46206 | AL19: =IF(OR(Tbl_Summary[[#This Row],[NO]]="",Tbl_Summary[[#This Row],[NO]]="N/A"),"",_xlfn.XLOOKUP(Tbl_Summary[[#This Row],[NO]],Tbl_SM[NO],Tbl_SM[PLAN DURATION])) -> 26 | AM19: =IFERROR(IF(OR(Tbl_Summary[[#This Row],[NO]]="",Tbl_Summary[[#This Row],[NO]]="N/A"),"",_xlfn.XLOOKUP(Tbl_Summary[[#This Row],[NO]],Tbl_SM[NO],Tbl_SM[ACTUAL START])),"") -> 0 | AN19: =IFERROR(IF(OR(Tbl_Summary[[#This Row],[NO]]="",Tbl_Summary[[#This Row],[NO]]="N/A"),"N/A", IF(_xlfn.XLOOKUP(Tbl_Summary[[#This Row],[NO]],Tbl_SM[NO],Tbl_SM[ACTUAL FINISH])=0,"N/A", _xlfn.XLOOKUP(Tbl_Summary[[#This Row],[NO]],Tbl_SM[NO],Tbl_SM[ACTUAL FINISH]))),"N/A") -> N/A | AO19: =IFERROR(IF(OR(Tbl_Summary[[#This Row],[NO]]="",Tbl_Summary[[#This Row],[NO]]="N/A"),"",_xlfn.XLOOKUP(Tbl_Summary[[#This Row],[NO]],Tbl_SM[NO],Tbl_SM[ACTUAL DURATION])),"") -> No Progress | AP19: =IFERROR(IF(OR(Tbl_Summary[[#This Row],[NO]]="",Tbl_Summary[[#This Row],[NO]]="N/A"),"",_xlfn.XLOOKUP(Tbl_Summary[[#This Row],[NO]],Tbl_SM[NO],Tbl_SM[STATUS])),"") -> OPEN | AQ19: =IFERROR(IF(OR(Tbl_Summary[[#This Row],[NO]]="",Tbl_Summary[[#This Row],[NO]]="N/A"),"",_xlfn.XLOOKUP(Tbl_Summary[[#This Row],[NO]],Tbl_SM[NO],Tbl_SM[DUE STATUS])),"") -> > 14 HARI | AR19: =IFERROR(IF(OR(Tbl_Summary[[#This Row],[NO]]="",Tbl_Summary[[#This Row],[NO]]="N/A"),"",_xlfn.XLOOKUP(Tbl_Summary[[#This Row],[NO]],Tbl_SM[NO],Tbl_SM[COMPLETION])),"") -> 0.52666667 | AS19: =IFERROR(IF(OR(Tbl_Summary[[#This Row],[NO]]="",Tbl_Summary[[#This Row],[NO]]="N/A"),"",_xlfn.XLOOKUP(Tbl_Summary[[#This Row],[NO]],Tbl_SM[NO],Tbl_SM[COMPLETION_FLAG])),"") -> 0 | AU19: =IF(ROWS($Z$15:Z25)>COUNTA(Tbl_SM[NO]),"N/A",ROWS($Z$15:Z25)) -> 11 | AV19: =IF(OR(Table8[[#This Row],[NO]]="",Table8[[#This Row],[NO]]="N/A"),"",_xlfn.XLOOKUP(Table8[[#This Row],[NO]],Tbl_SM[NO],Tbl_SM[5 FACTOR])) -> METHOD | AW19: =IF(OR(Table8[[#This Row],[NO]]="",Table8[[#This Row],[NO]]="N/A"),"",_xlfn.XLOOKUP(Table8[[#This Row],[NO]],Tbl_SM[NO],Tbl_SM[CATEGORY])) -> Quick Action | AX19: ='Activity Plan'!GU18 -> 1 | AY19: ='Activity Plan'!GV18 -> 1 | AZ19: ='Activity Plan'!GW18 -> 1 | BA19: ='Activity Plan'!GX18 -> 1 | BB19: ='Activity Plan'!GY18 -> 1 | BC19: ='Activity Plan'!GZ18 -> 1 | BD19: ='Activity Plan'!HA18 -> 1 | BE19: ='Activity Plan'!HB18 -> 1 | ... CB19: ='Activity Plan'!HY18 -> 1 | CF19: 1 | CG19: MAN | CH19: Quick Action | CI19: 16 | CJ19: 1 | CL19: FACTOR | CM19: DOZER READINESS | CN19: ACTUAL | CO19: 8 | CP19: {=IF(INDEX('Activity Plan'!$S$34:$AW$99, MATCH("*"&TRIM($B19)&"*",'Activity Plan'!$D$35:$D$100,0)+MATCH($C19,{"PLAN";"ACTUAL";"ACHIVE"},0)-1, MATCH($D19,DAY('Activity Plan'!$S$7:$AW$7),0))=0, "N/A", INDEX('Activity Plan'!$S$34:$AW$99, MATCH("*"&TRIM($B19)&"*",'Activity Plan'!$D$35:$D$100,0)+MATCH($C19,{"PLAN";"ACTUAL";"ACHIVE"},0)-1, MATCH($D19,DAY('Activity Plan'!$S$7:$AW$7),0)))} -> 15 | CS19: METHOD | CU19: ='Activity Plan'!Z7 -> 46181 | CV19: ACTUAL | CW19: =IFERROR(IF('Activity Plan'!BE33=0,"N/A",'Activity Plan'!BE33),"N/A") -> 0.66 | CZ19: =CZ18+1 -> 16 | DA19: =SUMIFS(TBL_ACHIVEMENT[VALUE], TBL_ACHIVEMENT[DATE],TBL_ACHIVEMENT[[#This Row],[DATE]], TBL_ACHIVEMENT[CATEGORY],"PLAN") -> 0.42666667 | DB19: =SUMIFS(TBL_ACHIVEMENT[VALUE], TBL_ACHIVEMENT[DATE],TBL_ACHIVEMENT[[#This Row],[DATE]], TBL_ACHIVEMENT[CATEGORY],"ACTUAL") -> 0.9 | DC19: =SUMIFS(TBL_DOZER_READINESS[VALUE], TBL_DOZER_READINESS[DATE],TBL_DOZER_READINESS[[#This Row],[DATE]], TBL_DOZER_READINESS[CATEGORY],"ACTUAL") -> 15 | DD19: =SUMIFS(TBL_PA_DOZER[VALUE], TBL_PA_DOZER[DATE],TBL_PA_DOZER[[#This Row],[DATE]], TBL_PA_DOZER[CATEGORY],"ACTUAL") -> 0.93 | DE19: =SUMIFS(Tbl_MTBF[VALUE], Tbl_MTBF[DATE],Tbl_MTBF[[#This Row],[DATE]], Tbl_MTBF[CATEGORY],"ACTUAL") -> 80 | DF19: =SUMIFS(Tbl_MTTR[VALUE], Tbl_MTTR[DATE],Tbl_MTTR[[#This Row],[DATE]], Tbl_MTTR[CATEGORY],"ACTUAL") -> 80
B20: DOZER READINESS | C20: PLAN | D20: 9 | E20: {=IF(INDEX('Activity Plan'!$S$34:$AW$99, MATCH("*"&TRIM($B20)&"*",'Activity Plan'!$D$35:$D$100,0)+MATCH($C20,{"PLAN";"ACTUAL";"ACHIVE"},0)-1, MATCH($D20,DAY('Activity Plan'!$S$7:$AW$7),0))=0, "N/A", INDEX('Activity Plan'!$S$34:$AW$99, MATCH("*"&TRIM($B20)&"*",'Activity Plan'!$D$35:$D$100,0)+MATCH($C20,{"PLAN";"ACTUAL";"ACHIVE"},0)-1, MATCH($D20,DAY('Activity Plan'!$S$7:$AW$7),0)))} -> 16 | G20: PA ALL DOZER | H20: PLAN | I20: 9 | J20: {=IF(INDEX('Activity Plan'!$S$34:$AW$99, MATCH("*"&TRIM($G20)&"*",'Activity Plan'!$D$35:$D$100,0)+MATCH($H20,{"PLAN";"ACTUAL";"ACHIVE"},0)-1, MATCH($I20,DAY('Activity Plan'!$S$7:$AW$7),0))=0, "N/A", INDEX('Activity Plan'!$S$34:$AW$99, MATCH("*"&TRIM($G20)&"*",'Activity Plan'!$D$35:$D$100,0)+MATCH($H20,{"PLAN";"ACTUAL";"ACHIVE"},0)-1, MATCH($I20,DAY('Activity Plan'!$S$7:$AW$7),0)))} -> 0.9 | L20: MTBF | M20: PLAN | N20: 9 | O20: {=IF(INDEX('Activity Plan'!$S$34:$AW$99, MATCH("*"&TRIM($L20)&"*",'Activity Plan'!$D$35:$D$100,0)+MATCH($M20,{"PLAN";"ACTUAL";"ACHIVE"},0)-1, MATCH($N20,DAY('Activity Plan'!$S$7:$AW$7),0))=0, "N/A", INDEX('Activity Plan'!$S$34:$AW$99, MATCH("*"&TRIM($L20)&"*",'Activity Plan'!$D$35:$D$100,0)+MATCH($M20,{"PLAN";"ACTUAL";"ACHIVE"},0)-1, MATCH($N20,DAY('Activity Plan'!$S$7:$AW$7),0)))} -> 70 | Q20: MTTR | R20: PLAN | S20: 9 | T20: {=IF(INDEX('Activity Plan'!$S$34:$AW$99, MATCH("*"&TRIM($Q20)&"*",'Activity Plan'!$D$35:$D$100,0)+MATCH($R20,{"PLAN";"ACTUAL";"ACHIVE"},0)-1, MATCH($S20,DAY('Activity Plan'!$S$7:$AW$7),0))=0, "N/A", INDEX('Activity Plan'!$S$34:$AW$99, MATCH("*"&TRIM($Q20)&"*",'Activity Plan'!$D$35:$D$100,0)+MATCH($R20,{"PLAN";"ACTUAL";"ACHIVE"},0)-1, MATCH($S20,DAY('Activity Plan'!$S$7:$AW$7),0)))} -> 80 | V20: DOZER READINESS | W20: ACHIVE | X20: 17 | Y20: {=IF(INDEX('Activity Plan'!$S$34:$AW$99, MATCH("*"&TRIM($V20)&"*",'Activity Plan'!$D$35:$D$100,0)+MATCH($W20,{"PLAN";"ACTUAL";"ACHIVE"},0)-1, MATCH($X20,DAY('Activity Plan'!$S$7:$AW$7),0))=0, "N/A", INDEX('Activity Plan'!$S$34:$AW$99, MATCH("*"&TRIM($V20)&"*",'Activity Plan'!$D$35:$D$100,0)+MATCH($W20,{"PLAN";"ACTUAL";"ACHIVE"},0)-1, MATCH($X20,DAY('Activity Plan'!$S$7:$AW$7),0)))} -> 0.875 | AA20: DAILY ACHIVEMENT | AB20: PLAN | AC20: 17 | AD20: ='Activity Plan'!AI33 -> 0.45166667 | AF20: =IF(ROWS($Z$15:Z31)>COUNTA(Tbl_SM[NO]),"N/A",ROWS($Z$15:Z31)) -> 17 | AG20: =IF(OR(Tbl_Summary[[#This Row],[NO]]="",Tbl_Summary[[#This Row],[NO]]="N/A"),"",_xlfn.XLOOKUP(Tbl_Summary[[#This Row],[NO]],Tbl_SM[NO],Tbl_SM[5 FACTOR])) -> MATERIAL | AH20: =IF(OR(Tbl_Summary[[#This Row],[NO]]="",Tbl_Summary[[#This Row],[NO]]="N/A"),"",_xlfn.XLOOKUP(Tbl_Summary[[#This Row],[NO]],Tbl_SM[NO],Tbl_SM[CATEGORY])) -> Quick Action | AI20: =IF(OR(Tbl_Summary[[#This Row],[NO]]="",Tbl_Summary[[#This Row],[NO]]="N/A"),"",_xlfn.XLOOKUP(Tbl_Summary[[#This Row],[NO]],Tbl_SM[NO],Tbl_SM[PIC])) -> LOG-GS-PLANT | AJ20: =IF(OR(Tbl_Summary[[#This Row],[NO]]="",Tbl_Summary[[#This Row],[NO]]="N/A"),"",_xlfn.XLOOKUP(Tbl_Summary[[#This Row],[NO]],Tbl_SM[NO],Tbl_SM[PLAN START])) -> 46195 | AK20: =IF(OR(Tbl_Summary[[#This Row],[NO]]="",Tbl_Summary[[#This Row],[NO]]="N/A"),"",_xlfn.XLOOKUP(Tbl_Summary[[#This Row],[NO]],Tbl_SM[NO],Tbl_SM[DUE DATA])) -> 46227 | AL20: =IF(OR(Tbl_Summary[[#This Row],[NO]]="",Tbl_Summary[[#This Row],[NO]]="N/A"),"",_xlfn.XLOOKUP(Tbl_Summary[[#This Row],[NO]],Tbl_SM[NO],Tbl_SM[PLAN DURATION])) -> 33 | AM20: =IFERROR(IF(OR(Tbl_Summary[[#This Row],[NO]]="",Tbl_Summary[[#This Row],[NO]]="N/A"),"",_xlfn.XLOOKUP(Tbl_Summary[[#This Row],[NO]],Tbl_SM[NO],Tbl_SM[ACTUAL START])),"") -> 0 | AN20: =IFERROR(IF(OR(Tbl_Summary[[#This Row],[NO]]="",Tbl_Summary[[#This Row],[NO]]="N/A"),"N/A", IF(_xlfn.XLOOKUP(Tbl_Summary[[#This Row],[NO]],Tbl_SM[NO],Tbl_SM[ACTUAL FINISH])=0,"N/A", _xlfn.XLOOKUP(Tbl_Summary[[#This Row],[NO]],Tbl_SM[NO],Tbl_SM[ACTUAL FINISH]))),"N/A") -> N/A | AO20: =IFERROR(IF(OR(Tbl_Summary[[#This Row],[NO]]="",Tbl_Summary[[#This Row],[NO]]="N/A"),"",_xlfn.XLOOKUP(Tbl_Summary[[#This Row],[NO]],Tbl_SM[NO],Tbl_SM[ACTUAL DURATION])),"") -> No Progress | AP20: =IFERROR(IF(OR(Tbl_Summary[[#This Row],[NO]]="",Tbl_Summary[[#This Row],[NO]]="N/A"),"",_xlfn.XLOOKUP(Tbl_Summary[[#This Row],[NO]],Tbl_SM[NO],Tbl_SM[STATUS])),"") -> OPEN | AQ20: =IFERROR(IF(OR(Tbl_Summary[[#This Row],[NO]]="",Tbl_Summary[[#This Row],[NO]]="N/A"),"",_xlfn.XLOOKUP(Tbl_Summary[[#This Row],[NO]],Tbl_SM[NO],Tbl_SM[DUE STATUS])),"") -> > 14 HARI | AR20: =IFERROR(IF(OR(Tbl_Summary[[#This Row],[NO]]="",Tbl_Summary[[#This Row],[NO]]="N/A"),"",_xlfn.XLOOKUP(Tbl_Summary[[#This Row],[NO]],Tbl_SM[NO],Tbl_SM[COMPLETION])),"") -> 0.52666667 | AS20: =IFERROR(IF(OR(Tbl_Summary[[#This Row],[NO]]="",Tbl_Summary[[#This Row],[NO]]="N/A"),"",_xlfn.XLOOKUP(Tbl_Summary[[#This Row],[NO]],Tbl_SM[NO],Tbl_SM[COMPLETION_FLAG])),"") -> 0 | AU20: =IF(ROWS($Z$15:Z26)>COUNTA(Tbl_SM[NO]),"N/A",ROWS($Z$15:Z26)) -> 12 | AV20: =IF(OR(Table8[[#This Row],[NO]]="",Table8[[#This Row],[NO]]="N/A"),"",_xlfn.XLOOKUP(Table8[[#This Row],[NO]],Tbl_SM[NO],Tbl_SM[5 FACTOR])) -> MACHINE | AW20: =IF(OR(Table8[[#This Row],[NO]]="",Table8[[#This Row],[NO]]="N/A"),"",_xlfn.XLOOKUP(Table8[[#This Row],[NO]],Tbl_SM[NO],Tbl_SM[CATEGORY])) -> Quick Action | AX20: ='Activity Plan'!GU19 -> 1 | AY20: ='Activity Plan'!GV19 -> 1 | AZ20: ='Activity Plan'!GW19 -> 1 | BA20: ='Activity Plan'!GX19 -> 1 | BB20: ='Activity Plan'!GY19 -> 1 | BC20: ='Activity Plan'!GZ19 -> 1 | BD20: ='Activity Plan'!HA19 -> 1 | BE20: ='Activity Plan'!HB19 -> 1 | ... CB20: ='Activity Plan'!HY19 -> 1 | CF20: 1 | CG20: MAN | CH20: Quick Action | CI20: 17 | CJ20: 1 | CL20: FACTOR | CM20: DOZER READINESS | CN20: PLAN | CO20: 9 | CP20: {=IF(INDEX('Activity Plan'!$S$34:$AW$99, MATCH("*"&TRIM($B20)&"*",'Activity Plan'!$D$35:$D$100,0)+MATCH($C20,{"PLAN";"ACTUAL";"ACHIVE"},0)-1, MATCH($D20,DAY('Activity Plan'!$S$7:$AW$7),0))=0, "N/A", INDEX('Activity Plan'!$S$34:$AW$99, MATCH("*"&TRIM($B20)&"*",'Activity Plan'!$D$35:$D$100,0)+MATCH($C20,{"PLAN";"ACTUAL";"ACHIVE"},0)-1, MATCH($D20,DAY('Activity Plan'!$S$7:$AW$7),0)))} -> 16 | CS20: MACHINE | CU20: ='Activity Plan'!AA7 -> 46182 | CV20: PLAN | CW20: =IFERROR(IF('Activity Plan'!AA33=0,"N/A",'Activity Plan'!AA33),"N/A") -> 0.25166667 | CZ20: =CZ19+1 -> 17 | DA20: =SUMIFS(TBL_ACHIVEMENT[VALUE], TBL_ACHIVEMENT[DATE],TBL_ACHIVEMENT[[#This Row],[DATE]], TBL_ACHIVEMENT[CATEGORY],"PLAN") -> 0.45166667 | DB20: =SUMIFS(TBL_ACHIVEMENT[VALUE], TBL_ACHIVEMENT[DATE],TBL_ACHIVEMENT[[#This Row],[DATE]], TBL_ACHIVEMENT[CATEGORY],"ACTUAL") -> 0.93 | DC20: =SUMIFS(TBL_DOZER_READINESS[VALUE], TBL_DOZER_READINESS[DATE],TBL_DOZER_READINESS[[#This Row],[DATE]], TBL_DOZER_READINESS[CATEGORY],"ACTUAL") -> 13 | DD20: =SUMIFS(TBL_PA_DOZER[VALUE], TBL_PA_DOZER[DATE],TBL_PA_DOZER[[#This Row],[DATE]], TBL_PA_DOZER[CATEGORY],"ACTUAL") -> 0.87 | DE20: =SUMIFS(Tbl_MTBF[VALUE], Tbl_MTBF[DATE],Tbl_MTBF[[#This Row],[DATE]], Tbl_MTBF[CATEGORY],"ACTUAL") -> 60 | DF20: =SUMIFS(Tbl_MTTR[VALUE], Tbl_MTTR[DATE],Tbl_MTTR[[#This Row],[DATE]], Tbl_MTTR[CATEGORY],"ACTUAL") -> 60
B21: DOZER READINESS | C21: ACTUAL | D21: 9 | E21: {=IF(INDEX('Activity Plan'!$S$34:$AW$99, MATCH("*"&TRIM($B21)&"*",'Activity Plan'!$D$35:$D$100,0)+MATCH($C21,{"PLAN";"ACTUAL";"ACHIVE"},0)-1, MATCH($D21,DAY('Activity Plan'!$S$7:$AW$7),0))=0, "N/A", INDEX('Activity Plan'!$S$34:$AW$99, MATCH("*"&TRIM($B21)&"*",'Activity Plan'!$D$35:$D$100,0)+MATCH($C21,{"PLAN";"ACTUAL";"ACHIVE"},0)-1, MATCH($D21,DAY('Activity Plan'!$S$7:$AW$7),0)))} -> 13 | G21: PA ALL DOZER | H21: ACTUAL | I21: 9 | J21: {=IF(INDEX('Activity Plan'!$S$34:$AW$99, MATCH("*"&TRIM($G21)&"*",'Activity Plan'!$D$35:$D$100,0)+MATCH($H21,{"PLAN";"ACTUAL";"ACHIVE"},0)-1, MATCH($I21,DAY('Activity Plan'!$S$7:$AW$7),0))=0, "N/A", INDEX('Activity Plan'!$S$34:$AW$99, MATCH("*"&TRIM($G21)&"*",'Activity Plan'!$D$35:$D$100,0)+MATCH($H21,{"PLAN";"ACTUAL";"ACHIVE"},0)-1, MATCH($I21,DAY('Activity Plan'!$S$7:$AW$7),0)))} -> 0.87 | L21: MTBF | M21: ACTUAL | N21: 9 | O21: {=IF(INDEX('Activity Plan'!$S$34:$AW$99, MATCH("*"&TRIM($L21)&"*",'Activity Plan'!$D$35:$D$100,0)+MATCH($M21,{"PLAN";"ACTUAL";"ACHIVE"},0)-1, MATCH($N21,DAY('Activity Plan'!$S$7:$AW$7),0))=0, "N/A", INDEX('Activity Plan'!$S$34:$AW$99, MATCH("*"&TRIM($L21)&"*",'Activity Plan'!$D$35:$D$100,0)+MATCH($M21,{"PLAN";"ACTUAL";"ACHIVE"},0)-1, MATCH($N21,DAY('Activity Plan'!$S$7:$AW$7),0)))} -> 60 | Q21: MTTR | R21: ACTUAL | S21: 9 | T21: {=IF(INDEX('Activity Plan'!$S$34:$AW$99, MATCH("*"&TRIM($Q21)&"*",'Activity Plan'!$D$35:$D$100,0)+MATCH($R21,{"PLAN";"ACTUAL";"ACHIVE"},0)-1, MATCH($S21,DAY('Activity Plan'!$S$7:$AW$7),0))=0, "N/A", INDEX('Activity Plan'!$S$34:$AW$99, MATCH("*"&TRIM($Q21)&"*",'Activity Plan'!$D$35:$D$100,0)+MATCH($R21,{"PLAN";"ACTUAL";"ACHIVE"},0)-1, MATCH($S21,DAY('Activity Plan'!$S$7:$AW$7),0)))} -> 60 | V21: DOZER READINESS | W21: ACHIVE | X21: 18 | Y21: {=IF(INDEX('Activity Plan'!$S$34:$AW$99, MATCH("*"&TRIM($V21)&"*",'Activity Plan'!$D$35:$D$100,0)+MATCH($W21,{"PLAN";"ACTUAL";"ACHIVE"},0)-1, MATCH($X21,DAY('Activity Plan'!$S$7:$AW$7),0))=0, "N/A", INDEX('Activity Plan'!$S$34:$AW$99, MATCH("*"&TRIM($V21)&"*",'Activity Plan'!$D$35:$D$100,0)+MATCH($W21,{"PLAN";"ACTUAL";"ACHIVE"},0)-1, MATCH($X21,DAY('Activity Plan'!$S$7:$AW$7),0)))} -> 0.6875 | AA21: DAILY ACHIVEMENT | AB21: PLAN | AC21: 18 | AD21: ='Activity Plan'!AJ33 -> 0.47666667 | AF21: =IF(ROWS($Z$15:Z32)>COUNTA(Tbl_SM[NO]),"N/A",ROWS($Z$15:Z32)) -> 18 | AG21: =IF(OR(Tbl_Summary[[#This Row],[NO]]="",Tbl_Summary[[#This Row],[NO]]="N/A"),"",_xlfn.XLOOKUP(Tbl_Summary[[#This Row],[NO]],Tbl_SM[NO],Tbl_SM[5 FACTOR])) -> MATERIAL | AH21: =IF(OR(Tbl_Summary[[#This Row],[NO]]="",Tbl_Summary[[#This Row],[NO]]="N/A"),"",_xlfn.XLOOKUP(Tbl_Summary[[#This Row],[NO]],Tbl_SM[NO],Tbl_SM[CATEGORY])) -> Long Term / Development | AI21: =IF(OR(Tbl_Summary[[#This Row],[NO]]="",Tbl_Summary[[#This Row],[NO]]="N/A"),"",_xlfn.XLOOKUP(Tbl_Summary[[#This Row],[NO]],Tbl_SM[NO],Tbl_SM[PIC])) -> GS-LOG-HO | AJ21: =IF(OR(Tbl_Summary[[#This Row],[NO]]="",Tbl_Summary[[#This Row],[NO]]="N/A"),"",_xlfn.XLOOKUP(Tbl_Summary[[#This Row],[NO]],Tbl_SM[NO],Tbl_SM[PLAN START])) -> 46204 | AK21: =IF(OR(Tbl_Summary[[#This Row],[NO]]="",Tbl_Summary[[#This Row],[NO]]="N/A"),"",_xlfn.XLOOKUP(Tbl_Summary[[#This Row],[NO]],Tbl_SM[NO],Tbl_SM[DUE DATA])) -> 46241 | AL21: =IF(OR(Tbl_Summary[[#This Row],[NO]]="",Tbl_Summary[[#This Row],[NO]]="N/A"),"",_xlfn.XLOOKUP(Tbl_Summary[[#This Row],[NO]],Tbl_SM[NO],Tbl_SM[PLAN DURATION])) -> 38 | AM21: =IFERROR(IF(OR(Tbl_Summary[[#This Row],[NO]]="",Tbl_Summary[[#This Row],[NO]]="N/A"),"",_xlfn.XLOOKUP(Tbl_Summary[[#This Row],[NO]],Tbl_SM[NO],Tbl_SM[ACTUAL START])),"") -> 0 | AN21: =IFERROR(IF(OR(Tbl_Summary[[#This Row],[NO]]="",Tbl_Summary[[#This Row],[NO]]="N/A"),"N/A", IF(_xlfn.XLOOKUP(Tbl_Summary[[#This Row],[NO]],Tbl_SM[NO],Tbl_SM[ACTUAL FINISH])=0,"N/A", _xlfn.XLOOKUP(Tbl_Summary[[#This Row],[NO]],Tbl_SM[NO],Tbl_SM[ACTUAL FINISH]))),"N/A") -> N/A | AO21: =IFERROR(IF(OR(Tbl_Summary[[#This Row],[NO]]="",Tbl_Summary[[#This Row],[NO]]="N/A"),"",_xlfn.XLOOKUP(Tbl_Summary[[#This Row],[NO]],Tbl_SM[NO],Tbl_SM[ACTUAL DURATION])),"") -> No Progress | AP21: =IFERROR(IF(OR(Tbl_Summary[[#This Row],[NO]]="",Tbl_Summary[[#This Row],[NO]]="N/A"),"",_xlfn.XLOOKUP(Tbl_Summary[[#This Row],[NO]],Tbl_SM[NO],Tbl_SM[STATUS])),"") -> OPEN | AQ21: =IFERROR(IF(OR(Tbl_Summary[[#This Row],[NO]]="",Tbl_Summary[[#This Row],[NO]]="N/A"),"",_xlfn.XLOOKUP(Tbl_Summary[[#This Row],[NO]],Tbl_SM[NO],Tbl_SM[DUE STATUS])),"") -> > 14 HARI | AR21: =IFERROR(IF(OR(Tbl_Summary[[#This Row],[NO]]="",Tbl_Summary[[#This Row],[NO]]="N/A"),"",_xlfn.XLOOKUP(Tbl_Summary[[#This Row],[NO]],Tbl_SM[NO],Tbl_SM[COMPLETION])),"") -> 0.52666667 | AS21: =IFERROR(IF(OR(Tbl_Summary[[#This Row],[NO]]="",Tbl_Summary[[#This Row],[NO]]="N/A"),"",_xlfn.XLOOKUP(Tbl_Summary[[#This Row],[NO]],Tbl_SM[NO],Tbl_SM[COMPLETION_FLAG])),"") -> 0 | AU21: =IF(ROWS($Z$15:Z27)>COUNTA(Tbl_SM[NO]),"N/A",ROWS($Z$15:Z27)) -> 13 | AV21: =IF(OR(Table8[[#This Row],[NO]]="",Table8[[#This Row],[NO]]="N/A"),"",_xlfn.XLOOKUP(Table8[[#This Row],[NO]],Tbl_SM[NO],Tbl_SM[5 FACTOR])) -> MACHINE | AW21: =IF(OR(Table8[[#This Row],[NO]]="",Table8[[#This Row],[NO]]="N/A"),"",_xlfn.XLOOKUP(Table8[[#This Row],[NO]],Tbl_SM[NO],Tbl_SM[CATEGORY])) -> Long Term / Development | AX21: ='Activity Plan'!GU20 -> 1 | AY21: ='Activity Plan'!GV20 -> 1 | AZ21: ='Activity Plan'!GW20 -> 1 | BA21: ='Activity Plan'!GX20 -> 1 | BB21: ='Activity Plan'!GY20 -> 1 | BC21: ='Activity Plan'!GZ20 -> 1 | BD21: ='Activity Plan'!HA20 -> 1 | BE21: ='Activity Plan'!HB20 -> 1 | ... CB21: ='Activity Plan'!HY20 -> 1 | CF21: 1 | CG21: MAN | CH21: Quick Action | CI21: 18 | CJ21: 1 | CL21: FACTOR | CM21: DOZER READINESS | CN21: ACTUAL | CO21: 9 | CP21: {=IF(INDEX('Activity Plan'!$S$34:$AW$99, MATCH("*"&TRIM($B21)&"*",'Activity Plan'!$D$35:$D$100,0)+MATCH($C21,{"PLAN";"ACTUAL";"ACHIVE"},0)-1, MATCH($D21,DAY('Activity Plan'!$S$7:$AW$7),0))=0, "N/A", INDEX('Activity Plan'!$S$34:$AW$99, MATCH("*"&TRIM($B21)&"*",'Activity Plan'!$D$35:$D$100,0)+MATCH($C21,{"PLAN";"ACTUAL";"ACHIVE"},0)-1, MATCH($D21,DAY('Activity Plan'!$S$7:$AW$7),0)))} -> 13 | CS21: MATERIAL | CU21: ='Activity Plan'!AA7 -> 46182 | CV21: ACTUAL | CW21: =IFERROR(IF('Activity Plan'!BF33=0,"N/A",'Activity Plan'!BF33),"N/A") -> 0.69 | CZ21: =CZ20+1 -> 18 | DA21: =SUMIFS(TBL_ACHIVEMENT[VALUE], TBL_ACHIVEMENT[DATE],TBL_ACHIVEMENT[[#This Row],[DATE]], TBL_ACHIVEMENT[CATEGORY],"PLAN") -> 0.47666667 | DB21: =SUMIFS(TBL_ACHIVEMENT[VALUE], TBL_ACHIVEMENT[DATE],TBL_ACHIVEMENT[[#This Row],[DATE]], TBL_ACHIVEMENT[CATEGORY],"ACTUAL") -> 0.96 | DC21: =SUMIFS(TBL_DOZER_READINESS[VALUE], TBL_DOZER_READINESS[DATE],TBL_DOZER_READINESS[[#This Row],[DATE]], TBL_DOZER_READINESS[CATEGORY],"ACTUAL") -> 13 | DD21: =SUMIFS(TBL_PA_DOZER[VALUE], TBL_PA_DOZER[DATE],TBL_PA_DOZER[[#This Row],[DATE]], TBL_PA_DOZER[CATEGORY],"ACTUAL") -> 0.87 | DE21: =SUMIFS(Tbl_MTBF[VALUE], Tbl_MTBF[DATE],Tbl_MTBF[[#This Row],[DATE]], Tbl_MTBF[CATEGORY],"ACTUAL") -> 60 | DF21: =SUMIFS(Tbl_MTTR[VALUE], Tbl_MTTR[DATE],Tbl_MTTR[[#This Row],[DATE]], Tbl_MTTR[CATEGORY],"ACTUAL") -> 60
